algorithm,num_agents,seed,isr,success,reached,makespan,flowtime,detour_ratio,runtime,collisions,deadlocks_detected,deadlocks_resolved,resolution_rate,agents_replanned,memory_mb,initial_planning_time,wfg_update_time,detection_time,resolution_time,map_id,map_type,map_size
drimaps,60,42,0.6667,False,40,137,1564,2.1535,0.5457,0,165,165,1.0,201,43.35,0.0598,0.0411,0.0153,0.239,random,random,32x32
drimaps_no_cycle,60,42,0.2167,False,13,39,250,1.2308,0.6482,0,148,148,1.0,148,43.6,0.0643,0.0927,0.0011,0.2843,random,random,32x32
drimaps_no_classify,60,42,0.6333,False,38,204,1999,2.5915,0.482,0,137,137,1.0,174,43.6,0.0576,0.0477,0.0105,0.1782,random,random,32x32
drimaps_no_minimal,60,42,0.45,False,27,83,975,1.8916,0.9385,0,301,301,1.0,780,44.85,0.0655,0.0623,0.0129,0.6032,random,random,32x32
drimaps,80,42,0.5875,False,47,105,1601,1.7434,0.8101,0,234,234,1.0,320,45.47,0.0741,0.0734,0.013,0.3415,random,random,32x32
drimaps_no_cycle,80,42,0.2125,False,17,43,295,1.0537,0.7034,0,73,73,1.0,76,45.47,0.0812,0.1466,0.0011,0.1577,random,random,32x32
drimaps_no_classify,80,42,0.55,False,44,198,2026,2.4029,0.7275,0,195,181,0.9282,286,45.47,0.0738,0.0861,0.0139,0.2444,random,random,32x32
drimaps_no_minimal,80,42,0.5375,False,43,94,1459,1.7369,1.0148,0,266,266,1.0,634,46.34,0.0747,0.0833,0.0134,0.5314,random,random,32x32
drimaps,60,123,0.5667,False,34,76,808,1.3219,0.4932,0,172,172,1.0,210,46.34,0.0596,0.0386,0.0085,0.2265,random,random,32x32
drimaps_no_cycle,60,123,0.3333,False,20,78,280,1.1232,0.5444,0,137,137,1.0,153,46.34,0.0526,0.0595,0.0008,0.2666,random,random,32x32
drimaps_no_classify,60,123,0.5167,False,31,111,817,1.5077,0.4534,0,174,174,1.0,201,46.34,0.0576,0.043,0.0091,0.187,random,random,32x32
drimaps_no_minimal,60,123,0.5167,False,31,62,675,1.2927,0.7488,0,236,236,1.0,569,46.34,0.0507,0.0418,0.0087,0.4843,random,random,32x32
drimaps,80,123,0.5375,False,43,63,1304,1.6765,0.7418,0,205,205,1.0,268,46.34,0.0759,0.0793,0.0116,0.2698,random,random,32x32
drimaps_no_cycle,80,123,0.1875,False,15,89,434,1.8748,0.6985,0,97,97,1.0,100,46.34,0.077,0.1579,0.0012,0.1618,random,random,32x32
drimaps_no_classify,80,123,0.5375,False,43,181,1644,1.9459,0.66,0,168,168,1.0,213,46.34,0.0672,0.0879,0.0133,0.1769,random,random,32x32
drimaps_no_minimal,80,123,0.4625,False,37,83,1276,2.4448,1.1496,0,343,343,1.0,945,46.91,0.0685,0.0966,0.0163,0.6591,random,random,32x32
drimaps,60,456,0.5333,False,32,95,923,1.6373,0.5928,0,229,229,1.0,253,46.91,0.0576,0.0475,0.0098,0.2964,random,random,32x32
drimaps_no_cycle,60,456,0.3333,False,20,50,412,1.3908,0.5159,0,106,106,1.0,130,46.91,0.0571,0.0677,0.0009,0.2137,random,random,32x32
drimaps_no_classify,60,456,0.5333,False,32,122,1149,2.0112,0.5728,0,211,211,1.0,272,46.91,0.0645,0.0498,0.0103,0.2663,random,random,32x32
drimaps_no_minimal,60,456,0.4,False,24,116,1018,2.9631,1.2427,0,332,332,1.0,941,46.91,0.0585,0.0666,0.0138,0.9119,random,random,32x32
drimaps,80,456,0.525,False,42,90,1513,2.322,0.7877,0,216,216,1.0,261,46.91,0.0798,0.0851,0.0127,0.3082,random,random,32x32
drimaps_no_cycle,80,456,0.175,False,14,56,424,1.6086,0.8611,0,179,179,1.0,179,46.91,0.0712,0.1585,0.0012,0.3343,random,random,32x32
drimaps_no_classify,80,456,0.5375,False,43,160,2051,2.8083,0.7785,0,243,243,1.0,313,46.91,0.0788,0.0909,0.0142,0.2914,random,random,32x32
drimaps_no_minimal,80,456,0.475,False,38,180,2189,4.052,1.3416,0,356,356,1.0,1086,47.44,0.0777,0.1052,0.0164,0.8335,random,random,32x32
drimaps,60,789,0.6,False,36,70,854,1.5845,0.3871,0,110,110,1.0,121,47.56,0.0479,0.0339,0.007,0.1408,random,random,32x32
drimaps_no_cycle,60,789,0.3667,False,22,54,501,1.3774,0.5077,0,162,162,1.0,164,47.56,0.0479,0.0578,0.0008,0.2431,random,random,32x32
drimaps_no_classify,60,789,0.6167,False,37,133,1119,2.0248,0.3813,0,102,102,1.0,114,47.56,0.0478,0.0385,0.0077,0.124,random,random,32x32
drimaps_no_minimal,60,789,0.5,False,30,138,1002,2.3165,0.7283,0,249,249,1.0,581,47.56,0.0483,0.0475,0.0103,0.466,random,random,32x32
drimaps,80,789,0.6625,False,53,88,2265,2.049,0.8498,0,186,186,1.0,288,47.56,0.0883,0.0715,0.0113,0.3653,random,random,32x32
drimaps_no_cycle,80,789,0.2125,False,17,54,369,1.2678,0.7244,0,69,69,1.0,73,47.56,0.0912,0.1532,0.0013,0.1631,random,random,32x32
drimaps_no_classify,80,789,0.675,False,54,182,3300,2.9056,0.7978,0,185,185,1.0,256,47.56,0.0906,0.0777,0.0173,0.2941,random,random,32x32
drimaps_no_minimal,80,789,0.5875,False,47,90,1940,2.2359,1.0283,0,232,232,1.0,601,47.56,0.0836,0.0795,0.0136,0.5379,random,random,32x32
drimaps,60,1024,0.5833,False,35,82,996,1.572,0.5244,0,154,154,1.0,195,47.56,0.052,0.0429,0.0102,0.2418,random,random,32x32
drimaps_no_cycle,60,1024,0.1333,False,8,25,112,1.0,0.3947,0,35,35,1.0,37,47.56,0.0529,0.0933,0.0008,0.0821,random,random,32x32
drimaps_no_classify,60,1024,0.7,False,42,180,2455,2.7428,0.4825,0,147,147,1.0,206,47.56,0.0519,0.0422,0.0087,0.2061,random,random,32x32
drimaps_no_minimal,60,1024,0.5667,False,34,98,1395,2.2453,0.6191,0,190,190,1.0,446,47.56,0.0522,0.0469,0.0096,0.3348,random,random,32x32
drimaps,80,1024,0.4125,False,33,115,1100,1.8577,1.6687,0,378,378,1.0,601,47.56,0.0858,0.1097,0.0179,0.7126,random,random,32x32
drimaps_no_cycle,80,1024,0.125,False,10,52,193,1.0429,1.1164,0,61,61,1.0,62,47.56,0.0868,0.1788,0.0013,0.1297,random,random,32x32
drimaps_no_classify,80,1024,0.475,False,38,169,2547,3.7001,1.4587,0,309,309,1.0,521,47.56,0.0829,0.1164,0.0168,0.5048,random,random,32x32
drimaps_no_minimal,80,1024,0.55,False,44,113,2155,2.6702,1.6472,0,287,287,1.0,837,47.56,0.0782,0.0937,0.015,0.7164,random,random,32x32
drimaps,60,7,0.5,False,30,62,666,1.4138,0.5009,0,138,138,1.0,176,47.56,0.0535,0.0476,0.0095,0.2048,random,random,32x32
drimaps_no_cycle,60,7,0.2833,False,17,35,203,1.0,0.4843,0,87,87,1.0,90,47.56,0.0597,0.0724,0.0009,0.1794,random,random,32x32
drimaps_no_classify,60,7,0.5667,False,34,111,1155,1.9395,0.444,0,128,128,1.0,169,47.56,0.0509,0.0429,0.0083,0.1668,random,random,32x32
drimaps_no_minimal,60,7,0.5833,False,35,127,1184,1.6119,0.6207,0,158,158,1.0,370,47.56,0.0588,0.0428,0.0091,0.3261,random,random,32x32
drimaps,80,7,0.5625,False,45,69,1150,1.6985,0.6979,0,169,169,1.0,214,47.56,0.0616,0.076,0.013,0.2331,random,random,32x32
drimaps_no_cycle,80,7,0.325,False,26,51,486,1.2377,0.6661,0,79,79,1.0,81,47.56,0.0702,0.123,0.0011,0.1661,random,random,32x32
drimaps_no_classify,80,7,0.5625,False,45,160,1655,2.4561,0.7106,0,185,185,1.0,279,47.56,0.0622,0.0834,0.0124,0.2174,random,random,32x32
drimaps_no_minimal,80,7,0.575,False,46,88,1280,1.8264,0.8718,0,178,178,1.0,475,47.56,0.0611,0.0724,0.0112,0.4124,random,random,32x32
drimaps,60,88,0.5833,False,35,83,916,1.5279,0.5749,0,157,157,1.0,219,47.56,0.0531,0.0413,0.0095,0.2927,random,random,32x32
drimaps_no_cycle,60,88,0.2667,False,16,36,247,1.0521,0.3986,0,46,46,1.0,48,47.56,0.0515,0.0777,0.0009,0.0999,random,random,32x32
drimaps_no_classify,60,88,0.55,False,33,113,914,1.7515,0.4714,0,162,162,1.0,183,47.56,0.0615,0.045,0.0101,0.1833,random,random,32x32
drimaps_no_minimal,60,88,0.6,False,36,73,999,1.6482,0.6294,0,213,213,1.0,463,47.56,0.0524,0.0405,0.0096,0.3541,random,random,32x32
drimaps,80,88,0.5125,False,41,108,1346,1.9176,0.9348,0,333,333,1.0,397,47.56,0.0741,0.0851,0.0136,0.4642,random,random,32x32
drimaps_no_cycle,80,88,0.15,False,12,32,183,1.0486,0.6341,0,43,43,1.0,44,47.56,0.0817,0.1588,0.0011,0.0993,random,random,32x32
drimaps_no_classify,80,88,0.525,False,42,137,2065,2.6927,0.8788,0,285,285,1.0,395,47.56,0.0755,0.0934,0.0144,0.405,random,random,32x32
drimaps_no_minimal,80,88,0.6,False,48,120,2580,2.8385,1.1063,0,295,295,1.0,870,47.56,0.0747,0.086,0.0142,0.6336,random,random,32x32
drimaps,60,2024,0.5833,False,35,53,740,1.3697,0.4116,0,82,82,1.0,86,47.56,0.0554,0.0378,0.0094,0.1263,random,random,32x32
drimaps_no_cycle,60,2024,0.35,False,21,41,302,1.1778,0.5683,0,189,189,1.0,190,47.56,0.0493,0.0648,0.0009,0.2768,random,random,32x32
drimaps_no_classify,60,2024,0.6167,False,37,89,1128,1.902,0.3889,0,100,83,0.83,94,47.56,0.0557,0.0376,0.0074,0.1159,random,random,32x32
drimaps_no_minimal,60,2024,0.5667,False,34,61,737,1.4249,0.5138,0,169,169,1.0,375,47.56,0.0508,0.0394,0.0083,0.2404,random,random,32x32
drimaps,80,2024,0.575,False,46,104,1410,1.7336,0.7869,0,255,255,1.0,311,47.56,0.0697,0.073,0.0117,0.3304,random,random,32x32
drimaps_no_cycle,80,2024,0.325,False,26,59,531,1.4105,0.5918,0,59,59,1.0,60,47.56,0.0652,0.1161,0.001,0.1262,random,random,32x32
drimaps_no_classify,80,2024,0.6,False,48,196,2324,2.5593,0.6921,0,198,198,1.0,279,47.56,0.0737,0.0783,0.0123,0.2263,random,random,32x32
drimaps_no_minimal,80,2024,0.5875,False,47,70,1569,2.2128,0.8742,0,229,229,1.0,590,47.56,0.0678,0.0736,0.0124,0.4169,random,random,32x32
drimaps,60,13579,0.6167,False,37,94,957,1.5529,0.4067,0,160,160,1.0,167,47.56,0.0497,0.0355,0.0081,0.1483,random,random,32x32
drimaps_no_cycle,60,13579,0.4,False,24,67,562,1.3279,0.4984,0,179,179,1.0,180,47.56,0.0487,0.0569,0.0009,0.2281,random,random,32x32
drimaps_no_classify,60,13579,0.6333,False,38,103,1448,2.8507,0.3923,0,130,130,1.0,169,47.56,0.0556,0.0401,0.0097,0.1222,random,random,32x32
drimaps_no_minimal,60,13579,0.6333,False,38,78,1080,1.5004,0.4796,0,182,182,1.0,447,47.56,0.0553,0.0364,0.0094,0.2221,random,random,32x32
drimaps,80,13579,0.3375,False,27,83,545,1.4794,0.9801,0,371,371,1.0,474,47.56,0.0634,0.1111,0.0165,0.4705,random,random,32x32
drimaps_no_cycle,80,13579,0.2125,False,17,53,316,1.1747,0.6258,0,63,63,1.0,67,47.56,0.0621,0.1479,0.0011,0.1237,random,random,32x32
drimaps_no_classify,80,13579,0.4375,False,35,128,1408,2.4121,0.8255,0,257,257,1.0,343,47.56,0.0686,0.1025,0.0156,0.3335,random,random,32x32
drimaps_no_minimal,80,13579,0.375,False,30,77,941,2.1541,1.3001,0,437,437,1.0,1174,47.56,0.0596,0.1101,0.0178,0.8049,random,random,32x32
drimaps,60,24680,0.7167,False,43,94,1625,1.6805,0.4699,0,123,123,1.0,134,47.56,0.0665,0.0333,0.0078,0.1915,random,random,32x32
drimaps_no_cycle,60,24680,0.2,False,12,28,201,1.1256,0.4609,0,65,65,1.0,66,47.56,0.0684,0.082,0.0009,0.1383,random,random,32x32
drimaps_no_classify,60,24680,0.55,False,33,168,1299,1.9409,0.4797,0,153,153,1.0,179,47.56,0.059,0.0471,0.0093,0.1899,random,random,32x32
drimaps_no_minimal,60,24680,0.6,False,36,90,1332,1.7898,0.5958,0,177,177,1.0,396,47.56,0.0587,0.0434,0.0092,0.309,random,random,32x32
drimaps,80,24680,0.5,False,40,61,1059,1.5001,1.1067,0,289,289,1.0,527,47.56,0.0739,0.0883,0.0145,0.5986,random,random,32x32
drimaps_no_cycle,80,24680,0.2,False,16,36,217,1.0488,0.8016,0,118,118,1.0,118,47.56,0.0678,0.1568,0.0013,0.2517,random,random,32x32
drimaps_no_classify,80,24680,0.55,False,44,198,1900,2.4521,0.8478,0,221,221,1.0,302,47.56,0.0729,0.0851,0.0135,0.3574,random,random,32x32
drimaps_no_minimal,80,24680,0.4625,False,37,109,1272,2.3911,1.1839,0,319,319,1.0,702,47.56,0.0776,0.0975,0.0139,0.6574,random,random,32x32
drimaps,60,42,0.3167,False,19,73,608,1.9361,1.4839,0,119,119,1.0,214,47.56,0.0364,0.0861,0.0135,0.1716,dense_random,dense_random,32x32
drimaps_no_cycle,60,42,0.1,False,6,15,44,1.5625,1.3792,0,39,39,1.0,39,47.56,0.0363,0.1148,0.0012,0.0681,dense_random,dense_random,32x32
drimaps_no_classify,60,42,0.3333,False,20,188,1096,2.5648,1.4919,0,167,167,1.0,288,47.56,0.0361,0.0915,0.0142,0.1835,dense_random,dense_random,32x32
drimaps_no_minimal,60,42,0.2667,False,16,111,490,1.9553,1.8172,0,277,277,1.0,764,47.56,0.0363,0.0943,0.0183,0.4633,dense_random,dense_random,32x32
drimaps,80,42,0.2125,False,17,186,614,2.0784,3.5013,0,396,396,1.0,619,47.56,0.0539,0.1927,0.0231,0.4752,dense_random,dense_random,32x32
drimaps_no_cycle,80,42,0.125,False,10,64,172,1.0939,3.2608,0,189,189,1.0,192,47.56,0.0549,0.2142,0.0017,0.276,dense_random,dense_random,32x32
drimaps_no_classify,80,42,0.1625,False,13,192,569,2.1707,3.4274,0,323,323,1.0,620,47.56,0.062,0.2095,0.0225,0.3613,dense_random,dense_random,32x32
drimaps_no_minimal,80,42,0.175,False,14,122,568,2.6886,3.9795,0,513,513,1.0,1575,47.56,0.0528,0.2013,0.0227,0.9546,dense_random,dense_random,32x32
drimaps,60,123,0.3167,False,19,74,644,1.7167,0.9193,0,233,233,1.0,321,47.56,0.0446,0.082,0.0135,0.2507,dense_random,dense_random,32x32
drimaps_no_cycle,60,123,0.0833,False,5,25,70,1.0,0.7575,0,67,67,1.0,67,47.56,0.0367,0.116,0.001,0.097,dense_random,dense_random,32x32
drimaps_no_classify,60,123,0.4833,False,29,214,2346,3.1393,0.8828,0,234,234,1.0,312,47.56,0.0377,0.0784,0.014,0.2251,dense_random,dense_random,32x32
drimaps_no_minimal,60,123,0.1333,False,8,74,195,1.1687,1.6107,0,422,422,1.0,1248,47.56,0.0445,0.1271,0.0199,0.8356,dense_random,dense_random,32x32
drimaps,80,123,0.3625,False,29,116,1508,2.7203,1.4914,0,366,366,1.0,507,47.56,0.0485,0.1353,0.0181,0.3484,dense_random,dense_random,32x32
drimaps_no_cycle,80,123,0.1,False,8,23,110,1.1513,1.2871,0,94,93,0.9894,103,47.56,0.0447,0.1894,0.0012,0.1313,dense_random,dense_random,32x32
drimaps_no_classify,80,123,0.225,False,18,196,1109,4.008,1.4438,0,358,358,1.0,501,47.56,0.0438,0.1734,0.022,0.2945,dense_random,dense_random,32x32
drimaps_no_minimal,80,123,0.25,False,20,113,916,2.4016,1.8722,0,481,481,1.0,1410,47.56,0.0436,0.1585,0.0203,0.712,dense_random,dense_random,32x32
drimaps,60,456,0.35,False,21,135,850,1.8645,1.1272,0,211,211,1.0,328,47.56,0.0373,0.0933,0.0175,0.3115,dense_random,dense_random,32x32
drimaps_no_cycle,60,456,0.1667,False,10,25,107,1.0,0.8859,0,41,41,1.0,77,47.56,0.0373,0.1167,0.0012,0.1026,dense_random,dense_random,32x32
drimaps_no_classify,60,456,0.3,False,18,187,814,2.2362,1.1168,0,287,287,1.0,473,47.56,0.0372,0.1011,0.0177,0.3353,dense_random,dense_random,32x32
drimaps_no_minimal,60,456,0.2,False,12,25,142,1.045,1.7466,0,363,363,1.0,1326,47.56,0.042,0.111,0.0194,0.9311,dense_random,dense_random,32x32
drimaps,80,456,0.225,False,18,96,758,2.8244,1.5742,0,331,331,1.0,491,47.56,0.0507,0.1953,0.0251,0.4328,dense_random,dense_random,32x32
drimaps_no_cycle,80,456,0.075,False,6,14,56,1.5,1.3661,0,140,140,1.0,141,47.56,0.0524,0.2407,0.0015,0.1928,dense_random,dense_random,32x32
drimaps_no_classify,80,456,0.2,False,16,193,840,3.0915,1.7693,0,498,498,1.0,934,47.56,0.0504,0.2076,0.0259,0.6112,dense_random,dense_random,32x32
drimaps_no_minimal,80,456,0.225,False,18,97,690,2.9506,2.5606,0,482,482,1.0,2057,47.77,0.0528,0.1975,0.0253,1.4064,dense_random,dense_random,32x32
drimaps,60,789,0.2833,False,17,116,525,1.5848,1.2255,0,326,326,1.0,591,47.77,0.0368,0.1009,0.0181,0.4741,dense_random,dense_random,32x32
drimaps_no_cycle,60,789,0.1833,False,11,26,146,1.0309,0.8228,0,50,50,1.0,58,47.77,0.0368,0.1114,0.0012,0.074,dense_random,dense_random,32x32
drimaps_no_classify,60,789,0.3333,False,20,201,1260,3.7382,1.1134,0,267,267,1.0,478,47.77,0.0374,0.0991,0.0164,0.3489,dense_random,dense_random,32x32
drimaps_no_minimal,60,789,0.1667,False,10,85,186,1.6083,1.714,0,465,465,1.0,1405,47.77,0.0373,0.1175,0.0193,0.9175,dense_random,dense_random,32x32
drimaps,80,789,0.225,False,18,209,868,2.9781,2.0559,0,478,478,1.0,748,47.77,0.0503,0.1893,0.0234,0.6855,dense_random,dense_random,32x32
drimaps_no_cycle,80,789,0.1125,False,9,108,225,1.8057,1.4844,0,89,89,1.0,91,47.77,0.0505,0.2102,0.0016,0.1622,dense_random,dense_random,32x32
drimaps_no_classify,80,789,0.2375,False,19,135,958,3.1067,1.8299,0,445,445,1.0,679,47.77,0.0511,0.1824,0.0235,0.5655,dense_random,dense_random,32x32
drimaps_no_minimal,80,789,0.2,False,16,98,580,2.4191,2.7557,0,488,488,1.0,1933,47.77,0.0507,0.1952,0.0246,1.3526,dense_random,dense_random,32x32
drimaps,60,1024,0.2667,False,16,146,714,1.8757,2.4144,0,225,225,1.0,364,47.77,0.0358,0.1091,0.017,0.2913,dense_random,dense_random,32x32
drimaps_no_cycle,60,1024,0.0833,False,5,21,88,1.0,2.3244,0,160,160,1.0,161,47.77,0.037,0.1352,0.0013,0.1943,dense_random,dense_random,32x32
drimaps_no_classify,60,1024,0.2667,False,16,220,811,2.3769,2.48,0,242,242,1.0,360,47.77,0.0372,0.1176,0.0186,0.248,dense_random,dense_random,32x32
drimaps_no_minimal,60,1024,0.2833,False,17,178,932,1.8927,2.7179,0,291,291,1.0,994,47.77,0.0376,0.1089,0.0185,0.6094,dense_random,dense_random,32x32
drimaps,80,1024,0.225,False,18,49,454,1.5342,3.0276,0,366,366,1.0,692,47.77,0.0458,0.2014,0.0247,0.5226,dense_random,dense_random,32x32
drimaps_no_cycle,80,1024,0.0625,False,5,22,67,1.0933,2.5854,0,83,83,1.0,107,47.77,0.0514,0.2433,0.0017,0.1255,dense_random,dense_random,32x32
drimaps_no_classify,80,1024,0.2125,False,17,157,773,2.6514,2.8159,0,326,326,1.0,512,47.77,0.0489,0.2082,0.0254,0.3674,dense_random,dense_random,32x32
drimaps_no_minimal,80,1024,0.15,False,12,112,526,2.7966,3.372,0,544,544,1.0,1625,47.77,0.0488,0.2232,0.0256,0.8884,dense_random,dense_random,32x32
drimaps,60,7,0.4333,False,26,147,1249,1.951,1.2027,0,237,237,1.0,335,47.77,0.0361,0.0688,0.0133,0.2397,dense_random,dense_random,32x32
drimaps_no_cycle,60,7,0.2167,False,13,56,195,1.1307,1.1083,0,93,93,1.0,93,47.77,0.0362,0.0926,0.0012,0.1431,dense_random,dense_random,32x32
drimaps_no_classify,60,7,0.4,False,24,169,1081,2.3928,1.1504,0,204,204,1.0,306,47.77,0.0355,0.0714,0.0129,0.1901,dense_random,dense_random,32x32
drimaps_no_minimal,60,7,0.2833,False,17,125,574,1.901,1.6145,0,404,404,1.0,1096,47.77,0.035,0.084,0.0152,0.6366,dense_random,dense_random,32x32
drimaps,80,7,0.225,False,18,99,457,1.9863,1.8464,0,414,414,1.0,717,47.77,0.0445,0.1713,0.0219,0.5481,dense_random,dense_random,32x32
drimaps_no_cycle,80,7,0.1,False,8,18,83,1.1964,1.3637,0,55,55,1.0,58,47.77,0.0456,0.2015,0.0014,0.0986,dense_random,dense_random,32x32
drimaps_no_classify,80,7,0.2125,False,17,127,526,2.3068,1.6528,0,353,353,1.0,541,47.77,0.0511,0.1773,0.0221,0.3632,dense_random,dense_random,32x32
drimaps_no_minimal,80,7,0.275,False,22,112,1036,3.182,2.2,0,530,530,1.0,1639,47.77,0.0506,0.1618,0.0215,0.9177,dense_random,dense_random,32x32
drimaps,60,88,0.2833,False,17,118,558,1.8941,1.8435,0,215,215,1.0,262,47.77,0.0365,0.0946,0.0156,0.2602,dense_random,dense_random,32x32
drimaps_no_cycle,60,88,0.1333,False,8,49,118,1.2153,1.7384,0,94,94,1.0,100,47.77,0.0392,0.1151,0.0012,0.1409,dense_random,dense_random,32x32
drimaps_no_classify,60,88,0.3,False,18,184,797,2.2906,1.7463,0,213,213,1.0,307,47.77,0.037,0.0933,0.0152,0.2243,dense_random,dense_random,32x32
drimaps_no_minimal,60,88,0.1833,False,11,44,192,1.3167,2.3292,0,330,330,1.0,1090,47.77,0.0354,0.1035,0.0162,0.7464,dense_random,dense_random,32x32
drimaps,80,88,0.275,False,22,109,1008,2.1239,1.7034,0,308,308,1.0,520,47.77,0.0504,0.1647,0.0204,0.4664,dense_random,dense_random,32x32
drimaps_no_cycle,80,88,0.05,False,4,42,66,1.0781,1.347,0,39,39,1.0,99,47.77,0.0503,0.2285,0.0014,0.0905,dense_random,dense_random,32x32
drimaps_no_classify,80,88,0.275,False,22,178,1713,3.1491,1.5551,0,332,332,1.0,489,47.77,0.0511,0.1758,0.0203,0.3174,dense_random,dense_random,32x32
drimaps_no_minimal,80,88,0.175,False,14,213,1332,3.1725,2.727,0,551,551,1.0,2171,47.77,0.0511,0.2054,0.0237,1.4147,dense_random,dense_random,32x32
drimaps,60,2024,0.3,False,18,80,533,1.5915,1.4724,0,248,248,1.0,318,47.77,0.0356,0.1088,0.0179,0.2291,dense_random,dense_random,32x32
drimaps_no_cycle,60,2024,0.1167,False,7,38,109,1.0216,1.3307,0,75,75,1.0,76,47.77,0.0368,0.1402,0.0013,0.1208,dense_random,dense_random,32x32
drimaps_no_classify,60,2024,0.3333,False,20,218,1111,2.5969,1.4964,0,276,276,1.0,420,47.77,0.0366,0.1057,0.0175,0.2859,dense_random,dense_random,32x32
drimaps_no_minimal,60,2024,0.1833,False,11,67,212,1.9694,1.9632,0,415,415,1.0,1166,47.77,0.0356,0.1253,0.0189,0.7124,dense_random,dense_random,32x32
drimaps,80,2024,0.25,False,20,86,549,2.1035,2.4318,0,433,433,1.0,590,47.77,0.0553,0.1903,0.0232,0.5214,dense_random,dense_random,32x32
drimaps_no_cycle,80,2024,0.075,False,6,12,30,1.0,1.9757,0,42,42,1.0,54,47.77,0.0465,0.2513,0.0016,0.0646,dense_random,dense_random,32x32
drimaps_no_classify,80,2024,0.25,False,20,185,967,3.7536,2.3963,0,434,434,1.0,698,47.77,0.048,0.202,0.0237,0.4849,dense_random,dense_random,32x32
drimaps_no_minimal,80,2024,0.175,False,14,127,425,2.2713,3.2102,0,533,533,1.0,1915,47.77,0.0453,0.2257,0.0254,1.1783,dense_random,dense_random,32x32
drimaps,60,13579,0.2833,False,17,96,703,1.8842,1.1105,0,183,183,1.0,233,47.77,0.0423,0.0877,0.0147,0.1622,dense_random,dense_random,32x32
drimaps_no_cycle,60,13579,0.1833,False,11,90,423,1.5579,1.021,0,69,69,1.0,71,47.77,0.0425,0.0971,0.0011,0.0887,dense_random,dense_random,32x32
drimaps_no_classify,60,13579,0.35,False,21,112,1028,2.0533,1.0836,0,210,210,1.0,287,47.77,0.0349,0.0805,0.0146,0.1515,dense_random,dense_random,32x32
drimaps_no_minimal,60,13579,0.2167,False,13,91,607,2.1904,1.4892,0,354,354,1.0,1167,47.77,0.035,0.0959,0.0165,0.5276,dense_random,dense_random,32x32
drimaps,80,13579,0.175,False,14,155,830,2.3186,1.974,0,420,420,1.0,753,47.77,0.0534,0.1975,0.0248,0.6441,dense_random,dense_random,32x32
drimaps_no_cycle,80,13579,0.05,False,4,101,153,1.8733,1.4431,0,66,66,1.0,71,47.77,0.0527,0.2343,0.0016,0.1071,dense_random,dense_random,32x32
drimaps_no_classify,80,13579,0.1625,False,13,206,1055,4.0609,1.6931,0,403,403,1.0,563,47.77,0.0535,0.2078,0.0251,0.3424,dense_random,dense_random,32x32
drimaps_no_minimal,80,13579,0.1875,False,15,164,971,3.9067,2.4448,0,559,559,1.0,1991,47.77,0.0524,0.195,0.024,1.1203,dense_random,dense_random,32x32
drimaps,60,24680,0.35,False,21,73,744,2.0886,1.2856,0,296,296,1.0,419,47.77,0.0355,0.0792,0.0148,0.3298,dense_random,dense_random,32x32
drimaps_no_cycle,60,24680,0.1,False,6,27,93,1.1759,1.0776,0,67,67,1.0,71,47.77,0.037,0.1144,0.0011,0.1011,dense_random,dense_random,32x32
drimaps_no_classify,60,24680,0.3833,False,23,196,1343,3.4543,1.1801,0,255,255,1.0,339,47.77,0.0351,0.0809,0.0138,0.2047,dense_random,dense_random,32x32
drimaps_no_minimal,60,24680,0.1667,False,10,54,298,2.0248,1.747,0,425,425,1.0,1316,47.77,0.0357,0.1067,0.0165,0.7128,dense_random,dense_random,32x32
drimaps,80,24680,0.3375,False,27,108,1076,2.2075,1.3229,0,419,419,1.0,595,47.77,0.0457,0.134,0.0182,0.458,dense_random,dense_random,32x32
drimaps_no_cycle,80,24680,0.1,False,8,55,147,1.1707,1.1232,0,169,169,1.0,183,47.77,0.0461,0.1927,0.0013,0.245,dense_random,dense_random,32x32
drimaps_no_classify,80,24680,0.325,False,26,197,1520,3.9228,1.2547,0,378,378,1.0,639,47.77,0.045,0.1441,0.0181,0.3964,dense_random,dense_random,32x32
drimaps_no_minimal,80,24680,0.2625,False,21,96,721,2.0245,1.8435,0,519,519,1.0,1571,47.77,0.0458,0.1504,0.02,0.9697,dense_random,dense_random,32x32
drimaps,60,42,0.6167,False,37,124,1284,1.9664,0.3993,0,129,129,1.0,170,47.77,0.0341,0.0406,0.0096,0.1272,warehouse,warehouse,32x32
drimaps_no_cycle,60,42,0.2,False,12,35,192,1.0333,0.4428,0,114,114,1.0,116,47.77,0.0424,0.0914,0.001,0.1126,warehouse,warehouse,32x32
drimaps_no_classify,60,42,0.5167,False,31,110,988,2.0728,0.4526,0,186,186,1.0,249,47.77,0.0341,0.05,0.0107,0.1753,warehouse,warehouse,32x32
drimaps_no_minimal,60,42,0.3667,False,22,163,887,2.3767,0.7545,0,367,367,1.0,948,47.77,0.0358,0.0713,0.0146,0.4375,warehouse,warehouse,32x32
drimaps,80,42,0.4625,False,37,95,1285,2.4129,0.8841,0,242,242,1.0,364,47.77,0.0568,0.0972,0.0147,0.3984,warehouse,warehouse,32x32
drimaps_no_cycle,80,42,0.075,False,6,17,60,1.0,0.6458,0,58,58,1.0,58,47.77,0.0623,0.1768,0.001,0.0996,warehouse,warehouse,32x32
drimaps_no_classify,80,42,0.4875,False,39,189,2522,3.7113,0.8609,0,283,283,1.0,411,47.77,0.0627,0.1095,0.0161,0.3616,warehouse,warehouse,32x32
drimaps_no_minimal,80,42,0.3375,False,27,96,801,1.9591,1.3465,0,461,461,1.0,1249,47.77,0.0543,0.1151,0.0164,0.8522,warehouse,warehouse,32x32
drimaps,60,123,0.4833,False,29,154,1173,2.5502,0.6236,0,227,227,1.0,417,47.77,0.0402,0.0552,0.0121,0.3381,warehouse,warehouse,32x32
drimaps_no_cycle,60,123,0.2,False,12,48,196,1.0,0.4085,0,50,50,1.0,59,47.77,0.0472,0.086,0.0008,0.1049,warehouse,warehouse,32x32
drimaps_no_classify,60,123,0.4333,False,26,92,789,1.9571,0.5352,0,213,213,1.0,306,47.77,0.0398,0.058,0.0121,0.253,warehouse,warehouse,32x32
drimaps_no_minimal,60,123,0.5,False,30,154,1619,3.3546,0.7954,0,277,277,1.0,851,47.77,0.0464,0.0597,0.0124,0.4947,warehouse,warehouse,32x32
drimaps,80,123,0.475,False,38,186,2407,3.3251,0.9563,0,472,472,1.0,631,47.77,0.0543,0.1093,0.0161,0.476,warehouse,warehouse,32x32
drimaps_no_cycle,80,123,0.1375,False,11,33,163,1.1591,0.6554,0,69,69,1.0,93,47.77,0.0562,0.1629,0.0012,0.1472,warehouse,warehouse,32x32
drimaps_no_classify,80,123,0.4,False,32,173,1778,3.2062,0.8534,0,340,340,1.0,539,47.77,0.0548,0.1165,0.0162,0.372,warehouse,warehouse,32x32
drimaps_no_minimal,80,123,0.225,False,18,137,581,1.8883,1.3717,0,580,580,1.0,1630,47.77,0.0543,0.142,0.0193,0.8525,warehouse,warehouse,32x32
drimaps,60,456,0.6,False,36,102,1388,1.9213,0.4682,0,162,162,1.0,205,47.77,0.0423,0.0414,0.0095,0.2077,warehouse,warehouse,32x32
drimaps_no_cycle,60,456,0.2667,False,16,38,248,1.1022,0.3632,0,43,43,1.0,44,47.77,0.0428,0.0733,0.0008,0.082,warehouse,warehouse,32x32
drimaps_no_classify,60,456,0.55,False,33,181,1973,3.11,0.4948,0,192,190,0.9896,266,47.77,0.0433,0.0536,0.0109,0.221,warehouse,warehouse,32x32
drimaps_no_minimal,60,456,0.6,False,36,128,1545,2.3049,0.5536,0,217,217,1.0,532,47.77,0.0424,0.0427,0.0093,0.2928,warehouse,warehouse,32x32
drimaps,80,456,0.5,False,40,142,2181,3.086,0.8965,0,335,335,1.0,483,47.77,0.0589,0.1024,0.0164,0.4085,warehouse,warehouse,32x32
drimaps_no_cycle,80,456,0.125,False,10,41,159,1.2153,0.7996,0,145,145,1.0,153,47.77,0.0605,0.1701,0.0012,0.2412,warehouse,warehouse,32x32
drimaps_no_classify,80,456,0.425,False,34,181,1945,3.2971,0.8048,0,291,291,1.0,406,47.77,0.0528,0.1167,0.018,0.3094,warehouse,warehouse,32x32
drimaps_no_minimal,80,456,0.4,False,32,104,1242,2.3158,1.3931,0,482,482,1.0,1308,47.77,0.0533,0.1112,0.0168,0.9068,warehouse,warehouse,32x32
drimaps,60,789,0.4,False,24,122,1154,2.7869,0.7613,0,316,316,1.0,466,47.77,0.0471,0.0702,0.0137,0.4381,warehouse,warehouse,32x32
drimaps_no_cycle,60,789,0.1,False,6,24,78,1.0,0.4392,0,60,60,1.0,67,47.77,0.0498,0.1026,0.0009,0.1042,warehouse,warehouse,32x32
drimaps_no_classify,60,789,0.4,False,24,205,1178,2.6466,0.5914,0,209,209,1.0,316,47.77,0.0485,0.0699,0.0134,0.2747,warehouse,warehouse,32x32
drimaps_no_minimal,60,789,0.3333,False,20,167,1389,2.5256,1.0668,0,378,378,1.0,1175,47.77,0.0481,0.0841,0.0157,0.7243,warehouse,warehouse,32x32
drimaps,80,789,0.475,False,38,109,1528,2.5662,0.9142,0,357,357,1.0,497,47.77,0.0515,0.1026,0.0163,0.4158,warehouse,warehouse,32x32
drimaps_no_cycle,80,789,0.1875,False,15,33,264,1.5382,0.8599,0,203,203,1.0,203,47.77,0.0531,0.1629,0.0014,0.3258,warehouse,warehouse,32x32
drimaps_no_classify,80,789,0.3875,False,31,187,1452,2.8748,0.839,0,335,335,1.0,531,47.77,0.0517,0.1202,0.0178,0.3276,warehouse,warehouse,32x32
drimaps_no_minimal,80,789,0.4125,False,33,121,1663,3.2576,1.2286,0,513,513,1.0,1345,47.77,0.0507,0.1161,0.0177,0.7207,warehouse,warehouse,32x32
drimaps,60,1024,0.5167,False,31,83,933,1.7768,0.4702,0,178,178,1.0,210,47.77,0.0386,0.0495,0.0106,0.1835,warehouse,warehouse,32x32
drimaps_no_cycle,60,1024,0.2,False,12,27,136,1.0622,0.5079,0,109,109,1.0,116,47.77,0.0395,0.0865,0.001,0.1818,warehouse,warehouse,32x32
drimaps_no_classify,60,1024,0.5333,False,32,164,1633,3.1643,0.4797,0,193,193,1.0,298,47.77,0.0385,0.0541,0.0115,0.1989,warehouse,warehouse,32x32
drimaps_no_minimal,60,1024,0.4167,False,25,115,651,1.3549,0.7386,0,285,285,1.0,773,47.77,0.0467,0.0606,0.012,0.4412,warehouse,warehouse,32x32
drimaps,80,1024,0.4,False,32,67,900,1.9581,0.8745,0,301,301,1.0,447,47.77,0.0548,0.1001,0.0154,0.4136,warehouse,warehouse,32x32
drimaps_no_cycle,80,1024,0.175,False,14,82,351,1.8434,0.7887,0,185,185,1.0,186,47.77,0.0557,0.1549,0.0012,0.2795,warehouse,warehouse,32x32
drimaps_no_classify,80,1024,0.3625,False,29,156,1100,2.8148,0.8062,0,304,304,1.0,392,47.77,0.056,0.1142,0.0165,0.319,warehouse,warehouse,32x32
drimaps_no_minimal,80,1024,0.3625,False,29,151,1182,2.6111,1.1369,0,407,407,1.0,1132,47.77,0.0576,0.116,0.0164,0.6415,warehouse,warehouse,32x32
drimaps,60,7,0.75,False,45,131,1506,1.8399,0.4401,0,153,153,1.0,211,47.77,0.0367,0.0333,0.0084,0.1793,warehouse,warehouse,32x32
drimaps_no_cycle,60,7,0.3333,False,20,42,360,1.0783,0.4548,0,115,115,1.0,115,47.77,0.0362,0.0683,0.0009,0.1605,warehouse,warehouse,32x32
drimaps_no_classify,60,7,0.65,False,39,173,1674,2.4625,0.4137,0,134,134,1.0,159,47.77,0.0368,0.0428,0.0099,0.1355,warehouse,warehouse,32x32
drimaps_no_minimal,60,7,0.5167,False,31,111,925,1.7135,0.7263,0,303,303,1.0,728,47.77,0.0374,0.051,0.0121,0.4369,warehouse,warehouse,32x32
drimaps,80,7,0.575,False,46,151,1940,2.2887,0.785,0,233,233,1.0,368,47.77,0.0569,0.0858,0.0142,0.3193,warehouse,warehouse,32x32
drimaps_no_cycle,80,7,0.225,False,18,33,341,1.162,0.8438,0,195,195,1.0,211,47.77,0.0565,0.1513,0.0013,0.3214,warehouse,warehouse,32x32
drimaps_no_classify,80,7,0.375,False,30,190,1582,2.8642,0.8748,0,357,357,1.0,504,47.77,0.0547,0.125,0.0187,0.3529,warehouse,warehouse,32x32
drimaps_no_minimal,80,7,0.3875,False,31,117,1025,2.1174,1.2107,0,421,421,1.0,1208,47.77,0.0675,0.1137,0.0181,0.6895,warehouse,warehouse,32x32
drimaps,60,88,0.6,False,36,157,1600,2.1072,0.5529,0,263,263,1.0,317,47.77,0.0431,0.0471,0.0106,0.2605,warehouse,warehouse,32x32
drimaps_no_cycle,60,88,0.3167,False,19,68,422,1.1911,0.5892,0,205,205,1.0,208,47.77,0.0432,0.0759,0.001,0.2793,warehouse,warehouse,32x32
drimaps_no_classify,60,88,0.5333,False,32,180,1996,3.2545,0.5483,0,244,244,1.0,334,47.77,0.0426,0.0612,0.0123,0.246,warehouse,warehouse,32x32
drimaps_no_minimal,60,88,0.35,False,21,120,668,2.0618,0.9157,0,381,381,1.0,986,47.77,0.0433,0.0715,0.0141,0.5948,warehouse,warehouse,32x32
drimaps,80,88,0.45,False,36,121,1319,2.4905,0.933,0,334,334,1.0,506,47.77,0.0568,0.102,0.0153,0.4294,warehouse,warehouse,32x32
drimaps_no_cycle,80,88,0.1125,False,9,35,146,1.3086,0.7314,0,122,122,1.0,128,47.77,0.054,0.18,0.0012,0.1772,warehouse,warehouse,32x32
drimaps_no_classify,80,88,0.4,False,32,120,1099,2.3533,0.9039,0,396,396,1.0,501,47.77,0.0541,0.1148,0.0182,0.3895,warehouse,warehouse,32x32
drimaps_no_minimal,80,88,0.3,False,24,96,901,2.128,1.2256,0,538,538,1.0,1504,47.77,0.0542,0.1327,0.019,0.6935,warehouse,warehouse,32x32
drimaps,60,2024,0.7,False,42,106,1396,1.874,0.4398,0,130,130,1.0,168,47.77,0.0391,0.0331,0.0077,0.1868,warehouse,warehouse,32x32
drimaps_no_cycle,60,2024,0.1833,False,11,43,179,1.012,0.3589,0,32,32,1.0,32,47.77,0.0411,0.0878,0.0008,0.0601,warehouse,warehouse,32x32
drimaps_no_classify,60,2024,0.5667,False,34,145,1482,2.3037,0.4576,0,139,139,1.0,188,47.77,0.0418,0.0502,0.011,0.1764,warehouse,warehouse,32x32
drimaps_no_minimal,60,2024,0.3833,False,23,52,516,1.5379,0.7369,0,307,307,1.0,838,47.77,0.0409,0.0619,0.0123,0.4331,warehouse,warehouse,32x32
drimaps,80,2024,0.475,False,38,140,1292,2.2936,0.845,0,321,304,0.947,402,47.77,0.0565,0.0925,0.0143,0.3698,warehouse,warehouse,32x32
drimaps_no_cycle,80,2024,0.2,False,16,55,323,1.2062,0.7061,0,111,111,1.0,112,47.77,0.0557,0.1482,0.0012,0.199,warehouse,warehouse,32x32
drimaps_no_classify,80,2024,0.475,False,38,118,1736,3.0901,0.7714,0,257,249,0.9689,353,47.77,0.0552,0.0986,0.0143,0.2969,warehouse,warehouse,32x32
drimaps_no_minimal,80,2024,0.2625,False,21,164,867,2.3226,1.4938,0,616,616,1.0,1602,47.77,0.0554,0.1376,0.0192,0.9691,warehouse,warehouse,32x32
drimaps,60,13579,0.5667,False,34,112,1476,2.1458,0.5861,0,223,223,1.0,312,47.77,0.0534,0.0506,0.0108,0.2873,warehouse,warehouse,32x32
drimaps_no_cycle,60,13579,0.1333,False,8,32,113,1.0417,0.4514,0,63,63,1.0,69,47.77,0.0463,0.0997,0.0009,0.1178,warehouse,warehouse,32x32
drimaps_no_classify,60,13579,0.3167,False,19,101,597,2.2881,0.6469,0,230,230,1.0,390,47.77,0.0458,0.0744,0.0139,0.3231,warehouse,warehouse,32x32
drimaps_no_minimal,60,13579,0.3,False,18,70,515,1.5127,1.0068,0,392,392,1.0,1106,47.77,0.0452,0.0763,0.0147,0.6829,warehouse,warehouse,32x32
drimaps,80,13579,0.5375,False,43,150,2080,2.9496,0.9128,0,296,296,1.0,422,47.77,0.0545,0.0933,0.0152,0.427,warehouse,warehouse,32x32
drimaps_no_cycle,80,13579,0.175,False,14,38,176,1.5633,0.7655,0,121,121,1.0,125,47.77,0.0546,0.1635,0.0012,0.2248,warehouse,warehouse,32x32
drimaps_no_classify,80,13579,0.45,False,36,201,2062,4.2176,0.9301,0,306,306,1.0,481,47.77,0.0539,0.1139,0.0227,0.4176,warehouse,warehouse,32x32
drimaps_no_minimal,80,13579,0.3375,False,27,62,700,2.0846,1.3471,0,453,453,1.0,1264,47.77,0.0533,0.1204,0.0179,0.8307,warehouse,warehouse,32x32
drimaps,60,24680,0.6167,False,37,153,1258,2.108,0.5598,0,223,223,1.0,328,47.77,0.0373,0.0427,0.011,0.2835,warehouse,warehouse,32x32
drimaps_no_cycle,60,24680,0.25,False,15,45,189,1.0667,0.3735,0,38,38,1.0,40,47.77,0.0434,0.0826,0.0009,0.068,warehouse,warehouse,32x32
drimaps_no_classify,60,24680,0.5667,False,34,149,1239,2.122,0.4749,0,175,175,1.0,225,47.77,0.0377,0.0477,0.011,0.1935,warehouse,warehouse,32x32
drimaps_no_minimal,60,24680,0.4667,False,28,78,654,1.8477,0.7522,0,333,333,1.0,750,47.77,0.0375,0.0531,0.0117,0.4592,warehouse,warehouse,32x32
drimaps,80,24680,0.5875,False,47,94,1911,2.4866,0.7588,0,241,241,1.0,335,47.77,0.0574,0.0804,0.0132,0.303,warehouse,warehouse,32x32
drimaps_no_cycle,80,24680,0.1375,False,11,28,115,1.0267,0.718,0,114,114,1.0,117,47.77,0.0522,0.1631,0.0011,0.1887,warehouse,warehouse,32x32
drimaps_no_classify,80,24680,0.4,False,32,165,1603,3.2501,0.7921,0,279,279,1.0,411,47.77,0.0524,0.116,0.0233,0.2771,warehouse,warehouse,32x32
drimaps_no_minimal,80,24680,0.375,False,30,106,1111,2.0811,1.3055,0,421,421,1.0,1259,47.77,0.0545,0.118,0.0176,0.7892,warehouse,warehouse,32x32
drimaps,60,42,0.4333,False,26,75,773,2.0276,0.6266,0,315,315,1.0,487,47.77,0.0307,0.0662,0.0135,0.306,corridor,corridor,32x32
drimaps_no_cycle,60,42,0.1333,False,8,24,91,1.0,0.4243,0,53,53,1.0,59,47.77,0.0288,0.1067,0.0009,0.0837,corridor,corridor,32x32
drimaps_no_classify,60,42,0.4833,False,29,222,2245,4.3418,0.4961,0,267,267,1.0,356,47.77,0.0294,0.0725,0.014,0.1684,corridor,corridor,32x32
drimaps_no_minimal,60,42,0.2167,False,13,53,231,1.3754,0.9021,0,416,416,1.0,1325,47.77,0.0282,0.0983,0.0171,0.539,corridor,corridor,32x32
drimaps,80,42,0.2875,False,23,113,901,2.2372,0.9706,0,478,478,1.0,697,47.77,0.0406,0.146,0.0198,0.4032,corridor,corridor,32x32
drimaps_no_cycle,80,42,0.075,False,6,16,46,1.0,0.6616,0,64,64,1.0,64,47.77,0.0426,0.1923,0.0011,0.0761,corridor,corridor,32x32
drimaps_no_classify,80,42,0.35,False,28,212,2303,5.744,0.8199,0,347,347,1.0,619,47.77,0.0408,0.1475,0.0198,0.2688,corridor,corridor,32x32
drimaps_no_minimal,80,42,0.175,False,14,206,462,2.0368,1.4203,0,489,489,1.0,1963,47.77,0.0424,0.1798,0.0222,0.8197,corridor,corridor,32x32
drimaps,60,123,0.5,False,30,167,1238,2.3448,0.4858,0,146,146,1.0,264,47.77,0.0352,0.0558,0.0112,0.1957,corridor,corridor,32x32
drimaps_no_cycle,60,123,0.1667,False,10,41,155,1.6412,0.4412,0,98,98,1.0,103,47.77,0.0324,0.0911,0.0009,0.1223,corridor,corridor,32x32
drimaps_no_classify,60,123,0.4,False,24,183,1202,3.4652,0.5742,0,292,292,1.0,534,47.77,0.0318,0.069,0.0134,0.2734,corridor,corridor,32x32
drimaps_no_minimal,60,123,0.2333,False,14,31,243,1.2138,0.9962,0,364,364,1.0,1323,47.77,0.041,0.0844,0.0145,0.6606,corridor,corridor,32x32
drimaps,80,123,0.4625,False,37,171,1942,3.2124,0.9505,0,298,298,1.0,632,47.77,0.0418,0.1122,0.017,0.4411,corridor,corridor,32x32
drimaps_no_cycle,80,123,0.075,False,6,33,80,1.0648,0.6489,0,64,64,1.0,65,47.77,0.0407,0.1878,0.0011,0.0913,corridor,corridor,32x32
drimaps_no_classify,80,123,0.25,False,20,140,1021,4.0472,0.9472,0,352,352,1.0,691,47.77,0.0435,0.154,0.0209,0.3788,corridor,corridor,32x32
drimaps_no_minimal,80,123,0.3,False,24,200,1501,3.1805,1.3745,0,479,479,1.0,1588,47.77,0.0418,0.1479,0.0192,0.8248,corridor,corridor,32x32
drimaps,60,456,0.4167,False,25,96,1019,2.0598,0.6046,0,246,246,1.0,410,47.77,0.0322,0.066,0.0136,0.2949,corridor,corridor,32x32
drimaps_no_cycle,60,456,0.1167,False,7,24,74,1.0,0.4445,0,92,92,1.0,94,47.77,0.0332,0.1022,0.0009,0.1175,corridor,corridor,32x32
drimaps_no_classify,60,456,0.35,False,21,130,996,2.5233,0.5327,0,248,248,1.0,420,47.77,0.0336,0.0803,0.0153,0.2029,corridor,corridor,32x32
drimaps_no_minimal,60,456,0.2333,False,14,60,374,1.7504,0.823,0,367,367,1.0,1012,47.77,0.0325,0.0884,0.0151,0.4699,corridor,corridor,32x32
drimaps,80,456,0.3,False,24,123,1036,2.3327,1.0605,0,329,329,1.0,659,47.77,0.049,0.1439,0.0194,0.4821,corridor,corridor,32x32
drimaps_no_cycle,80,456,0.125,False,10,44,208,1.1604,0.6945,0,71,71,1.0,90,47.77,0.0488,0.1862,0.0012,0.1228,corridor,corridor,32x32
drimaps_no_classify,80,456,0.275,False,22,117,957,2.6216,0.8846,0,335,335,1.0,528,47.77,0.0477,0.1456,0.0199,0.3275,corridor,corridor,32x32
drimaps_no_minimal,80,456,0.175,False,14,81,526,1.6341,1.6355,0,506,506,1.0,1940,47.77,0.05,0.1784,0.0226,1.0351,corridor,corridor,32x32
drimaps,60,789,0.4,False,24,75,751,2.2188,0.5997,0,229,229,1.0,484,47.77,0.0288,0.066,0.0136,0.294,corridor,corridor,32x32
drimaps_no_cycle,60,789,0.1,False,6,32,82,1.3709,0.4248,0,103,103,1.0,108,47.77,0.029,0.1061,0.0009,0.105,corridor,corridor,32x32
drimaps_no_classify,60,789,0.4,False,24,212,1454,3.8204,0.5154,0,250,250,1.0,392,47.77,0.0292,0.0742,0.014,0.2044,corridor,corridor,32x32
drimaps_no_minimal,60,789,0.3,False,18,94,613,3.0127,0.791,0,352,352,1.0,1082,47.77,0.0269,0.0802,0.0144,0.4706,corridor,corridor,32x32
drimaps,80,789,0.425,False,34,118,1396,2.2971,1.0623,0,364,364,1.0,738,47.77,0.0454,0.1135,0.0178,0.5532,corridor,corridor,32x32
drimaps_no_cycle,80,789,0.1,False,8,72,130,1.2083,0.6291,0,50,50,1.0,54,47.77,0.0457,0.1847,0.0012,0.073,corridor,corridor,32x32
drimaps_no_classify,80,789,0.375,False,30,203,1838,3.3127,0.9214,0,396,396,1.0,633,47.77,0.0456,0.1329,0.0196,0.3885,corridor,corridor,32x32
drimaps_no_minimal,80,789,0.2375,False,19,119,644,2.2495,1.6419,0,520,520,1.0,1769,47.77,0.0546,0.1586,0.0215,1.0549,corridor,corridor,32x32
drimaps,60,1024,0.4667,False,28,81,848,2.0416,0.4978,0,202,202,1.0,386,47.77,0.0309,0.0515,0.0103,0.234,corridor,corridor,32x32
drimaps_no_cycle,60,1024,0.2,False,12,36,176,1.3769,0.4542,0,152,152,1.0,153,47.77,0.03,0.0815,0.0009,0.1655,corridor,corridor,32x32
drimaps_no_classify,60,1024,0.4333,False,26,105,877,2.1946,0.4124,0,179,179,1.0,280,47.77,0.0313,0.0557,0.011,0.1462,corridor,corridor,32x32
drimaps_no_minimal,60,1024,0.3667,False,22,109,816,2.2205,0.7256,0,312,312,1.0,900,47.77,0.0303,0.0634,0.0113,0.4467,corridor,corridor,32x32
drimaps,80,1024,0.4,False,32,74,1126,2.3397,0.9283,0,323,323,1.0,471,47.77,0.0449,0.1143,0.0171,0.424,corridor,corridor,32x32
drimaps_no_cycle,80,1024,0.0625,False,5,29,87,1.2143,0.637,0,60,60,1.0,61,47.77,0.0442,0.1906,0.0011,0.0823,corridor,corridor,32x32
drimaps_no_classify,80,1024,0.3125,False,25,198,1327,3.951,0.8336,0,344,344,1.0,541,47.77,0.0437,0.1367,0.0193,0.3069,corridor,corridor,32x32
drimaps_no_minimal,80,1024,0.2625,False,21,106,895,2.3429,1.449,0,568,568,1.0,1634,47.77,0.0435,0.1432,0.0189,0.9134,corridor,corridor,32x32
drimaps,60,7,0.5,False,30,168,1718,2.8108,0.5375,0,220,220,1.0,373,47.77,0.0326,0.0622,0.0121,0.2384,corridor,corridor,32x32
drimaps_no_cycle,60,7,0.1833,False,11,22,130,1.0772,0.5223,0,198,198,1.0,211,47.77,0.0321,0.0923,0.001,0.2093,corridor,corridor,32x32
drimaps_no_classify,60,7,0.3333,False,20,200,915,3.2144,0.5349,0,213,213,1.0,349,47.77,0.0332,0.0779,0.0145,0.2115,corridor,corridor,32x32
drimaps_no_minimal,60,7,0.2667,False,16,54,322,1.3332,0.9007,0,359,359,1.0,1185,47.77,0.0311,0.0814,0.0149,0.5791,corridor,corridor,32x32
drimaps,80,7,0.3875,False,31,122,1155,2.3578,0.8929,0,292,292,1.0,535,47.77,0.04,0.1195,0.017,0.3696,corridor,corridor,32x32
drimaps_no_cycle,80,7,0.125,False,10,20,80,1.25,0.738,0,134,134,1.0,200,47.77,0.0401,0.18,0.0012,0.1844,corridor,corridor,32x32
drimaps_no_classify,80,7,0.325,False,26,186,1044,3.1342,0.8335,0,347,347,1.0,582,47.77,0.0396,0.133,0.0192,0.3039,corridor,corridor,32x32
drimaps_no_minimal,80,7,0.2625,False,21,206,934,2.7097,1.4173,0,504,504,1.0,1819,47.77,0.0382,0.1553,0.0211,0.8449,corridor,corridor,32x32
drimaps,60,88,0.45,False,27,108,988,1.7817,0.4986,0,169,169,1.0,252,47.77,0.0328,0.0626,0.0122,0.194,corridor,corridor,32x32
drimaps_no_cycle,60,88,0.1833,False,11,28,155,1.0,0.3661,0,37,37,1.0,37,47.77,0.0339,0.0942,0.0009,0.0503,corridor,corridor,32x32
drimaps_no_classify,60,88,0.35,False,21,90,604,1.552,0.5583,0,189,189,1.0,399,47.77,0.0342,0.0706,0.0209,0.234,corridor,corridor,32x32
drimaps_no_minimal,60,88,0.3167,False,19,63,472,1.3745,0.9708,0,366,366,1.0,1224,47.77,0.0336,0.0755,0.0148,0.646,corridor,corridor,32x32
drimaps,80,88,0.3,False,24,163,1308,2.6108,1.2951,0,311,311,1.0,649,47.77,0.045,0.1465,0.0188,0.4672,corridor,corridor,32x32
drimaps_no_cycle,80,88,0.075,False,6,13,45,1.0,0.901,0,39,39,1.0,42,47.77,0.0503,0.1894,0.0013,0.0583,corridor,corridor,32x32
drimaps_no_classify,80,88,0.2625,False,21,188,1032,2.9826,1.3074,0,416,416,1.0,814,47.77,0.0445,0.1536,0.0208,0.4654,corridor,corridor,32x32
drimaps_no_minimal,80,88,0.225,False,18,57,504,1.5288,1.9023,0,468,468,1.0,1925,47.77,0.0434,0.1562,0.0208,1.0584,corridor,corridor,32x32
drimaps,60,2024,0.4167,False,25,59,622,1.6833,0.5715,0,201,201,1.0,309,47.77,0.0347,0.0568,0.011,0.2902,corridor,corridor,32x32
drimaps_no_cycle,60,2024,0.1333,False,8,27,86,1.175,0.3595,0,38,35,0.9211,38,47.77,0.0345,0.0938,0.0008,0.0534,corridor,corridor,32x32
drimaps_no_classify,60,2024,0.3667,False,22,82,822,2.7651,0.507,0,249,249,1.0,335,47.77,0.0357,0.0684,0.0128,0.2114,corridor,corridor,32x32
drimaps_no_minimal,60,2024,0.4833,False,29,115,1136,2.1242,0.7012,0,213,213,1.0,642,47.77,0.0336,0.0551,0.0111,0.4205,corridor,corridor,32x32
drimaps,80,2024,0.4875,False,39,177,2148,2.9677,0.9575,0,335,335,1.0,618,47.77,0.043,0.1062,0.0164,0.4738,corridor,corridor,32x32
drimaps_no_cycle,80,2024,0.1,False,8,44,141,1.1952,0.6479,0,87,87,1.0,94,47.77,0.0432,0.1739,0.0011,0.1245,corridor,corridor,32x32
drimaps_no_classify,80,2024,0.425,False,34,191,1815,3.171,0.8616,0,350,350,1.0,661,47.77,0.0459,0.1159,0.0171,0.3752,corridor,corridor,32x32
drimaps_no_minimal,80,2024,0.275,False,22,113,1033,2.6976,1.2889,0,488,488,1.0,1452,47.77,0.0435,0.1388,0.0193,0.774,corridor,corridor,32x32
drimaps,60,13579,0.4333,False,26,187,1540,2.779,0.9225,0,274,274,1.0,521,47.77,0.0342,0.0701,0.013,0.3351,corridor,corridor,32x32
drimaps_no_cycle,60,13579,0.1167,False,7,34,110,1.0,0.6851,0,37,37,1.0,88,47.77,0.0398,0.1023,0.001,0.0923,corridor,corridor,32x32
drimaps_no_classify,60,13579,0.3667,False,22,98,1107,2.8518,0.836,0,243,243,1.0,428,47.77,0.0343,0.0754,0.0133,0.2452,corridor,corridor,32x32
drimaps_no_minimal,60,13579,0.2167,False,13,66,359,1.3778,1.3384,0,416,416,1.0,1410,47.77,0.0339,0.0897,0.0154,0.7247,corridor,corridor,32x32
drimaps,80,13579,0.3875,False,31,135,1252,2.1986,0.7636,0,291,291,1.0,449,47.77,0.0378,0.1128,0.0166,0.2776,corridor,corridor,32x32
drimaps_no_cycle,80,13579,0.1125,False,9,30,123,1.0,0.5955,0,45,45,1.0,55,47.77,0.0383,0.1714,0.0011,0.0767,corridor,corridor,32x32
drimaps_no_classify,80,13579,0.4125,False,33,168,2134,4.0233,0.7367,0,339,339,1.0,524,47.77,0.0381,0.1227,0.0175,0.2478,corridor,corridor,32x32
drimaps_no_minimal,80,13579,0.325,False,26,172,1285,2.7049,1.19,0,440,440,1.0,1476,47.77,0.0369,0.135,0.0284,0.6675,corridor,corridor,32x32
drimaps,60,24680,0.4667,False,28,193,1571,2.9284,0.5808,0,251,251,1.0,331,47.77,0.0343,0.0661,0.0127,0.2729,corridor,corridor,32x32
drimaps_no_cycle,60,24680,0.1,False,6,26,53,1.1786,0.4189,0,68,68,1.0,100,47.77,0.0345,0.1027,0.0009,0.1008,corridor,corridor,32x32
drimaps_no_classify,60,24680,0.3667,False,22,207,1568,3.4721,0.6519,0,329,329,1.0,567,47.77,0.0326,0.0819,0.015,0.3322,corridor,corridor,32x32
drimaps_no_minimal,60,24680,0.2167,False,13,79,358,2.5208,1.0147,0,412,412,1.0,1258,47.77,0.0333,0.0922,0.016,0.6763,corridor,corridor,32x32
drimaps,80,24680,0.2625,False,21,194,726,2.4393,1.0518,0,453,453,1.0,831,47.77,0.0417,0.1393,0.018,0.5268,corridor,corridor,32x32
drimaps_no_cycle,80,24680,0.0875,False,7,12,30,1.0,0.6218,0,76,76,1.0,102,47.77,0.0419,0.1764,0.0011,0.1007,corridor,corridor,32x32
drimaps_no_classify,80,24680,0.3375,False,27,191,1678,6.6703,0.8327,0,356,356,1.0,616,47.77,0.0416,0.1344,0.0186,0.3154,corridor,corridor,32x32
drimaps_no_minimal,80,24680,0.25,False,20,62,506,2.6309,1.2834,0,447,447,1.0,1455,47.77,0.0495,0.1361,0.0186,0.7457,corridor,corridor,32x32
drimaps,60,42,0.4667,False,28,33,427,1.1036,0.8673,0,235,235,1.0,436,47.77,0.0541,0.0512,0.0116,0.5632,bottleneck,bottleneck,32x32
drimaps_no_cycle,60,42,0.3833,False,23,33,322,1.0543,0.4585,0,62,62,1.0,63,47.77,0.0634,0.0616,0.0009,0.1505,bottleneck,bottleneck,32x32
drimaps_no_classify,60,42,0.5,False,30,201,769,1.5811,0.7634,0,202,202,1.0,401,47.77,0.064,0.0521,0.0108,0.4485,bottleneck,bottleneck,32x32
drimaps_no_minimal,60,42,0.4667,False,28,102,698,1.3779,1.0964,0,212,212,1.0,721,47.77,0.0555,0.0537,0.0111,0.7831,bottleneck,bottleneck,32x32
drimaps,80,42,0.5125,False,41,192,1517,2.131,1.2303,0,290,290,1.0,500,47.77,0.0834,0.0866,0.0143,0.7362,bottleneck,bottleneck,32x32
drimaps_no_cycle,80,42,0.25,False,20,34,243,1.0167,1.0248,0,195,195,1.0,198,47.77,0.0765,0.1309,0.0012,0.4415,bottleneck,bottleneck,32x32
drimaps_no_classify,80,42,0.4375,False,35,52,677,1.4031,1.4103,0,302,302,1.0,656,47.77,0.0827,0.0914,0.0145,0.916,bottleneck,bottleneck,32x32
drimaps_no_minimal,80,42,0.425,False,34,111,999,1.9121,2.4905,0,336,336,1.0,1540,47.77,0.0785,0.1007,0.0158,1.9799,bottleneck,bottleneck,32x32
drimaps,60,123,0.6167,False,37,191,2186,2.3058,0.9315,0,178,178,1.0,363,47.77,0.0692,0.0494,0.0105,0.6206,bottleneck,bottleneck,32x32
drimaps_no_cycle,60,123,0.3167,False,19,36,260,1.1229,0.5945,0,116,116,1.0,121,47.77,0.0689,0.0656,0.0009,0.2868,bottleneck,bottleneck,32x32
drimaps_no_classify,60,123,0.5167,False,31,170,1070,1.8719,0.7677,0,166,166,1.0,289,47.77,0.0617,0.0489,0.0099,0.4694,bottleneck,bottleneck,32x32
drimaps_no_minimal,60,123,0.5333,False,32,152,1352,1.9705,1.3078,0,197,197,1.0,745,47.77,0.0632,0.0507,0.0112,1.0094,bottleneck,bottleneck,32x32
drimaps,80,123,0.5,False,40,105,1121,2.0079,1.2565,0,249,249,1.0,511,47.77,0.0812,0.0868,0.0147,0.7594,bottleneck,bottleneck,32x32
drimaps_no_cycle,80,123,0.1375,False,11,22,131,1.0758,0.8896,0,129,129,1.0,144,47.77,0.0823,0.1646,0.0012,0.3319,bottleneck,bottleneck,32x32
drimaps_no_classify,80,123,0.475,False,38,150,1590,2.62,1.4386,0,339,339,1.0,661,47.77,0.082,0.0989,0.0157,0.9356,bottleneck,bottleneck,32x32
drimaps_no_minimal,80,123,0.6,False,48,199,3233,3.5312,1.727,0,328,328,1.0,1154,47.77,0.0822,0.0922,0.0157,1.2319,bottleneck,bottleneck,32x32
drimaps,60,456,0.7333,False,44,148,1434,1.6464,0.5659,0,130,130,1.0,150,47.77,0.0622,0.0308,0.0077,0.2846,bottleneck,bottleneck,32x32
drimaps_no_cycle,60,456,0.5,False,30,33,522,1.1838,0.4297,0,61,61,1.0,65,47.77,0.055,0.0475,0.0008,0.15,bottleneck,bottleneck,32x32
drimaps_no_classify,60,456,0.7167,False,43,157,1846,1.9818,0.5083,0,129,129,1.0,175,47.77,0.0619,0.0353,0.0082,0.2238,bottleneck,bottleneck,32x32
drimaps_no_minimal,60,456,0.6,False,36,73,972,1.7348,0.8612,0,198,198,1.0,524,47.77,0.0588,0.0399,0.0095,0.5716,bottleneck,bottleneck,32x32
drimaps,80,456,0.575,False,46,192,2369,2.7948,1.5796,0,303,303,1.0,690,47.77,0.0848,0.0851,0.0142,1.0868,bottleneck,bottleneck,32x32
drimaps_no_cycle,80,456,0.275,False,22,26,277,1.2356,0.7426,0,94,94,1.0,96,47.77,0.0819,0.1207,0.001,0.2347,bottleneck,bottleneck,32x32
drimaps_no_classify,80,456,0.4375,False,35,189,1258,2.5086,1.2652,0,294,294,1.0,568,47.77,0.0796,0.0994,0.0151,0.771,bottleneck,bottleneck,32x32
drimaps_no_minimal,80,456,0.4625,False,37,189,2063,3.4008,2.59,0,380,380,1.0,1608,47.77,0.0789,0.1072,0.0161,2.0693,bottleneck,bottleneck,32x32
drimaps,60,789,0.5667,False,34,75,745,1.6281,0.7813,0,174,174,1.0,357,47.77,0.0517,0.0454,0.011,0.48,bottleneck,bottleneck,32x32
drimaps_no_cycle,60,789,0.3333,False,20,28,298,1.0406,0.6929,0,202,202,1.0,204,47.77,0.0521,0.0719,0.001,0.3711,bottleneck,bottleneck,32x32
drimaps_no_classify,60,789,0.6667,False,40,190,1537,2.0325,0.534,0,132,132,1.0,214,47.77,0.0513,0.0381,0.0091,0.2503,bottleneck,bottleneck,32x32
drimaps_no_minimal,60,789,0.6167,False,37,169,1797,2.5584,0.7996,0,231,231,1.0,601,47.77,0.0569,0.0471,0.0107,0.4959,bottleneck,bottleneck,32x32
drimaps,80,789,0.3875,False,31,170,1022,1.9949,1.7543,0,398,398,1.0,977,47.77,0.0814,0.1047,0.0157,1.2412,bottleneck,bottleneck,32x32
drimaps_no_cycle,80,789,0.225,False,18,29,297,1.0682,0.6741,0,58,58,1.0,59,47.77,0.0906,0.1369,0.0012,0.1454,bottleneck,bottleneck,32x32
drimaps_no_classify,80,789,0.4125,False,33,189,1451,2.6075,1.0561,0,269,269,1.0,452,47.77,0.0908,0.1045,0.0152,0.544,bottleneck,bottleneck,32x32
drimaps_no_minimal,80,789,0.4,False,32,190,1040,1.8603,2.4369,0,334,334,1.0,1607,47.77,0.0789,0.1046,0.0163,1.9245,bottleneck,bottleneck,32x32
drimaps,60,1024,0.3833,False,23,84,683,1.7658,1.1551,0,246,246,1.0,557,47.77,0.0739,0.0642,0.0124,0.8153,bottleneck,bottleneck,32x32
drimaps_no_cycle,60,1024,0.3333,False,20,66,481,1.1589,0.7768,0,191,191,1.0,203,47.77,0.0766,0.0677,0.0009,0.4496,bottleneck,bottleneck,32x32
drimaps_no_classify,60,1024,0.4167,False,25,126,734,1.67,1.0472,0,261,261,1.0,498,47.77,0.0733,0.06,0.0123,0.719,bottleneck,bottleneck,32x32
drimaps_no_minimal,60,1024,0.3667,False,22,184,1353,3.2945,2.3519,0,349,349,1.0,1596,47.77,0.0769,0.077,0.014,1.9913,bottleneck,bottleneck,32x32
drimaps,80,1024,0.625,False,50,118,1416,1.4419,0.9984,0,218,218,1.0,378,47.77,0.0805,0.0633,0.0115,0.5544,bottleneck,bottleneck,32x32
drimaps_no_cycle,80,1024,0.3875,False,31,37,565,1.0864,0.856,0,164,164,1.0,191,47.77,0.0813,0.0978,0.0011,0.3911,bottleneck,bottleneck,32x32
drimaps_no_classify,80,1024,0.5375,False,43,142,1213,1.623,1.2832,0,291,291,1.0,614,47.77,0.0868,0.0799,0.0141,0.803,bottleneck,bottleneck,32x32
drimaps_no_minimal,80,1024,0.5625,False,45,130,1677,1.8228,1.513,0,279,279,1.0,969,47.77,0.0827,0.0787,0.0133,1.038,bottleneck,bottleneck,32x32
drimaps,60,7,0.6333,False,38,196,1490,2.3779,0.8662,0,211,211,1.0,415,47.77,0.0514,0.0421,0.0104,0.5854,bottleneck,bottleneck,32x32
drimaps_no_cycle,60,7,0.35,False,21,41,369,1.3452,0.5769,0,140,140,1.0,143,47.77,0.0503,0.0639,0.0009,0.2903,bottleneck,bottleneck,32x32
drimaps_no_classify,60,7,0.7333,False,44,189,1982,2.5389,0.4591,0,115,115,1.0,152,47.77,0.0591,0.0342,0.008,0.1897,bottleneck,bottleneck,32x32
drimaps_no_minimal,60,7,0.5167,False,31,193,1847,3.4054,1.2455,0,322,322,1.0,975,47.77,0.0512,0.0603,0.0132,0.9323,bottleneck,bottleneck,32x32
drimaps,80,7,0.4125,False,33,135,918,1.7742,1.7776,0,349,349,1.0,791,47.77,0.0926,0.0998,0.0158,1.2636,bottleneck,bottleneck,32x32
drimaps_no_cycle,80,7,0.2625,False,21,60,435,1.1631,0.9558,0,186,186,1.0,211,47.77,0.0917,0.1248,0.0011,0.442,bottleneck,bottleneck,32x32
drimaps_no_classify,80,7,0.4875,False,39,157,1763,2.6203,1.319,0,295,295,1.0,514,47.77,0.0893,0.0972,0.0156,0.8035,bottleneck,bottleneck,32x32
drimaps_no_minimal,80,7,0.4125,False,33,182,1386,2.3689,2.7433,0,365,365,1.0,1690,47.77,0.0948,0.1067,0.0165,2.2261,bottleneck,bottleneck,32x32
drimaps,60,88,0.65,False,39,157,2140,2.063,0.7724,0,236,236,1.0,330,47.87,0.0666,0.0465,0.0109,0.4698,bottleneck,bottleneck,32x32
drimaps_no_cycle,60,88,0.3167,False,19,43,447,1.2042,0.4872,0,68,68,1.0,68,47.87,0.0709,0.0705,0.0008,0.1592,bottleneck,bottleneck,32x32
drimaps_no_classify,60,88,0.5667,False,34,180,1816,2.6947,0.8051,0,229,229,1.0,420,47.87,0.0692,0.053,0.0111,0.496,bottleneck,bottleneck,32x32
drimaps_no_minimal,60,88,0.7,False,42,146,2772,2.8175,0.988,0,213,213,1.0,661,47.87,0.0635,0.0488,0.0106,0.685,bottleneck,bottleneck,32x32
drimaps,80,88,0.5125,False,41,192,1757,2.2264,1.2663,0,308,308,1.0,615,47.87,0.0849,0.093,0.0144,0.7574,bottleneck,bottleneck,32x32
drimaps_no_cycle,80,88,0.3,False,24,75,575,1.2453,1.0208,0,196,196,1.0,213,47.87,0.084,0.1297,0.0012,0.4732,bottleneck,bottleneck,32x32
drimaps_no_classify,80,88,0.4375,False,35,192,1265,2.1384,1.3555,0,331,331,1.0,687,47.87,0.0777,0.1039,0.0158,0.8424,bottleneck,bottleneck,32x32
drimaps_no_minimal,80,88,0.5,False,40,188,1856,2.8948,1.9711,0,345,345,1.0,1549,47.87,0.0768,0.0971,0.0151,1.4584,bottleneck,bottleneck,32x32
drimaps,60,2024,0.6167,False,37,134,1398,1.7191,0.6463,0,147,147,1.0,243,47.87,0.0614,0.0413,0.009,0.3543,bottleneck,bottleneck,32x32
drimaps_no_cycle,60,2024,0.4667,False,28,48,553,1.1744,0.4848,0,86,86,1.0,87,47.87,0.0656,0.05,0.0009,0.1957,bottleneck,bottleneck,32x32
drimaps_no_classify,60,2024,0.5833,False,35,110,1090,1.6121,0.6522,0,187,187,1.0,309,47.87,0.0628,0.043,0.01,0.3592,bottleneck,bottleneck,32x32
drimaps_no_minimal,60,2024,0.4667,False,28,191,1247,1.8624,1.54,0,305,305,1.0,1111,47.87,0.0692,0.0595,0.0122,1.2125,bottleneck,bottleneck,32x32
drimaps,80,2024,0.425,False,34,67,758,1.5964,1.3301,0,345,345,1.0,599,47.87,0.0858,0.0985,0.0162,0.8133,bottleneck,bottleneck,32x32
drimaps_no_cycle,80,2024,0.3,False,24,49,433,1.2588,0.9952,0,192,192,1.0,205,47.87,0.0871,0.1243,0.0011,0.4734,bottleneck,bottleneck,32x32
drimaps_no_classify,80,2024,0.5125,False,41,167,1623,2.6089,1.1642,0,265,265,1.0,522,47.87,0.0863,0.0887,0.0145,0.6736,bottleneck,bottleneck,32x32
drimaps_no_minimal,80,2024,0.45,False,36,182,1490,2.2543,1.7312,0,284,284,1.0,1047,47.87,0.0876,0.1018,0.015,1.2225,bottleneck,bottleneck,32x32
drimaps,60,13579,0.4667,False,28,191,752,1.7803,0.8758,0,189,189,1.0,412,47.87,0.0542,0.0508,0.0107,0.5799,bottleneck,bottleneck,32x32
drimaps_no_cycle,60,13579,0.4,False,24,81,411,1.4437,0.444,0,77,77,1.0,79,47.87,0.054,0.0562,0.0008,0.1701,bottleneck,bottleneck,32x32
drimaps_no_classify,60,13579,0.4167,False,25,149,618,2.1337,0.6221,0,169,169,1.0,339,47.87,0.0526,0.0557,0.0108,0.3256,bottleneck,bottleneck,32x32
drimaps_no_minimal,60,13579,0.4833,False,29,149,1099,2.2929,1.0171,0,193,193,1.0,706,47.87,0.062,0.0527,0.0109,0.7148,bottleneck,bottleneck,32x32
drimaps,80,13579,0.375,False,30,105,903,2.2111,1.5637,0,333,333,1.0,786,47.87,0.0848,0.11,0.0163,1.0356,bottleneck,bottleneck,32x32
drimaps_no_cycle,80,13579,0.1625,False,13,49,191,1.1103,0.7804,0,82,82,1.0,85,47.87,0.0838,0.1583,0.0012,0.215,bottleneck,bottleneck,32x32
drimaps_no_classify,80,13579,0.3875,False,31,162,1213,2.4875,1.3146,0,337,337,1.0,613,47.87,0.0851,0.1152,0.0167,0.7764,bottleneck,bottleneck,32x32
drimaps_no_minimal,80,13579,0.3625,False,29,148,1434,4.1747,2.6821,0,436,436,1.0,1975,47.87,0.0913,0.1231,0.018,2.134,bottleneck,bottleneck,32x32
drimaps,60,24680,0.65,False,39,83,1082,1.5039,0.4714,0,70,70,1.0,103,47.95,0.0507,0.0351,0.0072,0.195,bottleneck,bottleneck,32x32
drimaps_no_cycle,60,24680,0.3667,False,22,42,409,1.1511,0.4643,0,69,69,1.0,73,47.95,0.0577,0.0626,0.0009,0.1616,bottleneck,bottleneck,32x32
drimaps_no_classify,60,24680,0.6833,False,41,192,1777,2.3139,0.5453,0,149,149,1.0,223,47.95,0.0586,0.0387,0.0087,0.2556,bottleneck,bottleneck,32x32
drimaps_no_minimal,60,24680,0.5833,False,35,125,1211,2.0234,0.5328,0,160,160,1.0,343,47.95,0.0524,0.0425,0.0086,0.2461,bottleneck,bottleneck,32x32
drimaps,80,24680,0.55,False,44,103,1143,1.6563,1.1254,0,258,258,1.0,437,47.95,0.073,0.0734,0.0126,0.672,bottleneck,bottleneck,32x32
drimaps_no_cycle,80,24680,0.3,False,24,65,340,1.2223,0.8602,0,191,191,1.0,192,47.95,0.0728,0.1161,0.0011,0.3699,bottleneck,bottleneck,32x32
drimaps_no_classify,80,24680,0.5375,False,43,176,1418,2.1624,1.0587,0,234,234,1.0,478,47.95,0.0803,0.0798,0.013,0.59,bottleneck,bottleneck,32x32
drimaps_no_minimal,80,24680,0.525,False,42,187,1337,1.8432,1.6728,0,239,239,1.0,1053,47.95,0.0696,0.0798,0.0186,1.2054,bottleneck,bottleneck,32x32
drimaps,60,42,0.2,False,12,138,650,2.3345,0.968,0,374,374,1.0,664,47.95,0.0339,0.1266,0.0213,0.4853,maze,maze,32x32
drimaps_no_cycle,60,42,0.0167,False,1,1,1,1.0,0.6425,0,117,117,1.0,152,47.95,0.0316,0.1669,0.0013,0.1501,maze,maze,32x32
drimaps_no_classify,60,42,0.1667,False,10,252,1244,7.7989,0.9468,0,459,459,1.0,791,47.95,0.0339,0.1423,0.0225,0.465,maze,maze,32x32
drimaps_no_minimal,60,42,0.0667,False,4,131,343,2.9582,1.6935,0,595,595,1.0,2245,47.95,0.0318,0.1543,0.024,1.1914,maze,maze,32x32
drimaps,80,42,0.125,False,10,174,590,2.4273,1.6801,0,646,646,1.0,1429,47.95,0.0427,0.2494,0.0304,0.8329,maze,maze,32x32
drimaps_no_cycle,80,42,0.0375,False,3,19,35,1.3704,0.8989,0,55,55,1.0,64,47.95,0.042,0.271,0.0015,0.0695,maze,maze,32x32
drimaps_no_classify,80,42,0.15,False,12,249,1253,4.5659,1.3556,0,526,526,1.0,1143,47.95,0.0408,0.2448,0.0294,0.5522,maze,maze,32x32
drimaps_no_minimal,80,42,0.075,False,6,95,295,2.0673,2.1312,0,660,660,1.0,2882,47.95,0.0411,0.2632,0.032,1.2842,maze,maze,32x32
drimaps,60,123,0.2167,False,13,228,1290,3.301,1.3845,0,670,670,1.0,1346,47.95,0.0314,0.1818,0.0304,0.7124,maze,maze,32x32
drimaps_no_cycle,60,123,0.0667,False,4,53,85,1.0,1.0509,0,363,363,1.0,453,47.95,0.0305,0.2187,0.0021,0.3778,maze,maze,32x32
drimaps_no_classify,60,123,0.1333,False,8,75,313,2.3251,1.1742,0,439,439,1.0,963,47.95,0.0301,0.1936,0.0303,0.4832,maze,maze,32x32
drimaps_no_minimal,60,123,0.0833,False,5,53,138,1.0409,2.0039,0,605,605,1.0,2581,47.95,0.0311,0.2081,0.0324,1.299,maze,maze,32x32
drimaps,80,123,0.2375,False,19,203,1582,2.8054,2.2072,0,659,659,1.0,1617,47.95,0.0415,0.3007,0.0408,1.1212,maze,maze,32x32
drimaps_no_cycle,80,123,0.05,False,4,18,52,1.0,1.291,0,112,112,1.0,112,47.95,0.044,0.4192,0.0027,0.1404,maze,maze,32x32
drimaps_no_classify,80,123,0.1625,False,13,347,1887,5.6242,2.0549,0,747,747,1.0,1558,47.95,0.0402,0.351,0.0429,0.9052,maze,maze,32x32
drimaps_no_minimal,80,123,0.1,False,8,172,427,2.7433,3.2183,0,1030,1030,1.0,4191,47.95,0.0412,0.3558,0.0432,2.0573,maze,maze,32x32
drimaps,60,456,0.1667,False,10,72,267,1.5702,1.0545,0,412,412,1.0,790,47.95,0.0342,0.145,0.0235,0.513,maze,maze,32x32
drimaps_no_cycle,60,456,0.1,False,6,29,84,1.0694,0.6532,0,148,148,1.0,151,47.95,0.0338,0.1629,0.0015,0.1299,maze,maze,32x32
drimaps_no_classify,60,456,0.2333,False,14,271,1360,5.9705,0.8891,0,323,323,1.0,717,47.95,0.0339,0.1419,0.0227,0.3563,maze,maze,32x32
drimaps_no_minimal,60,456,0.1333,False,8,59,203,2.3996,1.9322,0,736,736,1.0,2436,47.95,0.0337,0.1559,0.0247,1.3763,maze,maze,32x32
drimaps,80,456,0.1875,False,15,296,851,3.0821,2.1689,0,855,855,1.0,1859,47.95,0.0399,0.2629,0.0342,1.2417,maze,maze,32x32
drimaps_no_cycle,80,456,0.075,False,6,20,65,1.0897,0.9488,0,60,60,1.0,67,47.95,0.0399,0.2952,0.0018,0.0668,maze,maze,32x32
drimaps_no_classify,80,456,0.1875,False,15,242,1098,5.5562,1.6711,0,691,691,1.0,1338,47.95,0.04,0.2648,0.0339,0.7553,maze,maze,32x32
drimaps_no_minimal,80,456,0.125,False,10,91,333,1.8905,2.6153,0,1007,1007,1.0,3113,47.95,0.041,0.2813,0.0362,1.6551,maze,maze,32x32
drimaps,60,789,0.35,False,21,222,1260,3.0604,0.9251,0,336,336,1.0,674,47.95,0.03,0.1091,0.0182,0.4505,maze,maze,32x32
drimaps_no_cycle,60,789,0.1667,False,10,42,157,1.2143,0.7187,0,180,180,1.0,247,47.95,0.029,0.1355,0.0014,0.2235,maze,maze,32x32
drimaps_no_classify,60,789,0.3167,False,19,274,1243,3.0851,0.8539,0,306,306,1.0,668,47.95,0.0289,0.1148,0.0204,0.3723,maze,maze,32x32
drimaps_no_minimal,60,789,0.1667,False,10,112,276,1.5897,1.4644,0,544,544,1.0,1834,47.95,0.0288,0.1414,0.0236,0.948,maze,maze,32x32
drimaps,80,789,0.2625,False,21,129,1170,2.5506,1.5707,0,481,481,1.0,1177,47.95,0.0398,0.2088,0.0262,0.7455,maze,maze,32x32
drimaps_no_cycle,80,789,0.0375,False,3,33,60,1.0,0.9836,0,55,55,1.0,105,47.95,0.0416,0.3,0.0016,0.0735,maze,maze,32x32
drimaps_no_classify,80,789,0.175,False,14,157,1007,5.5303,1.527,0,565,565,1.0,1131,47.95,0.0411,0.2556,0.0317,0.6492,maze,maze,32x32
drimaps_no_minimal,80,789,0.0875,False,7,176,440,2.099,2.4058,0,722,722,1.0,3013,47.95,0.0411,0.2836,0.0332,1.4969,maze,maze,32x32
drimaps,60,1024,0.2,False,12,351,788,2.4654,1.3027,0,562,562,1.0,1205,47.95,0.0314,0.1643,0.0284,0.6917,maze,maze,32x32
drimaps_no_cycle,60,1024,0.1,False,6,19,50,1.0,0.7352,0,86,86,1.0,230,47.95,0.0336,0.1759,0.0016,0.155,maze,maze,32x32
drimaps_no_classify,60,1024,0.1667,False,10,223,557,2.896,1.0897,0,446,446,1.0,875,47.95,0.0317,0.1671,0.0267,0.4825,maze,maze,32x32
drimaps_no_minimal,60,1024,0.1333,False,8,100,222,2.0715,1.908,0,640,640,1.0,2622,47.95,0.0313,0.1733,0.0277,1.2907,maze,maze,32x32
drimaps,80,1024,0.2,False,16,237,1016,2.7982,1.7828,0,552,552,1.0,1461,47.95,0.0433,0.2498,0.0307,0.9042,maze,maze,32x32
drimaps_no_cycle,80,1024,0.05,False,4,11,26,1.0,1.0118,0,104,104,1.0,116,47.95,0.0432,0.31,0.0019,0.1174,maze,maze,32x32
drimaps_no_classify,80,1024,0.125,False,10,282,662,10.4479,1.4713,0,526,526,1.0,964,47.95,0.044,0.2649,0.0307,0.5813,maze,maze,32x32
drimaps_no_minimal,80,1024,0.05,False,4,11,26,1.0,2.8833,0,959,959,1.0,3419,47.95,0.0411,0.3032,0.0325,1.9315,maze,maze,32x32
drimaps,60,7,0.2167,False,13,173,514,2.4807,1.2767,0,477,477,1.0,1191,47.95,0.0337,0.1466,0.025,0.7091,maze,maze,32x32
drimaps_no_cycle,60,7,0.1167,False,7,34,119,1.0,0.7298,0,137,137,1.0,143,47.95,0.0348,0.1673,0.0015,0.1836,maze,maze,32x32
drimaps_no_classify,60,7,0.2333,False,14,327,976,1.9203,0.9892,0,384,384,1.0,716,47.95,0.0348,0.1465,0.0243,0.4434,maze,maze,32x32
drimaps_no_minimal,60,7,0.15,False,9,68,252,2.4264,1.9225,0,601,601,1.0,2302,47.95,0.0339,0.1584,0.0278,1.3597,maze,maze,32x32
drimaps,80,7,0.125,False,10,187,555,3.2892,1.9732,0,643,643,1.0,1640,47.95,0.0428,0.2812,0.0334,1.0172,maze,maze,32x32
drimaps_no_cycle,80,7,0.0375,False,3,13,19,1.0,1.0599,0,106,106,1.0,139,47.95,0.0432,0.3238,0.002,0.1172,maze,maze,32x32
drimaps_no_classify,80,7,0.15,False,12,280,1157,4.2766,1.4794,0,521,521,1.0,838,47.95,0.0426,0.2786,0.0338,0.5455,maze,maze,32x32
drimaps_no_minimal,80,7,0.05,False,4,23,42,1.9,2.9994,0,888,888,1.0,3838,47.95,0.0494,0.3208,0.0378,2.0169,maze,maze,32x32
drimaps,60,88,0.2833,False,17,152,1521,3.2743,1.1589,0,429,429,1.0,1040,47.95,0.0321,0.1226,0.0205,0.6923,maze,maze,32x32
drimaps_no_cycle,60,88,0.0333,False,2,23,45,1.1875,0.5527,0,78,78,1.0,79,47.95,0.0319,0.1569,0.0012,0.0853,maze,maze,32x32
drimaps_no_classify,60,88,0.2167,False,13,204,1419,3.9842,0.9723,0,448,448,1.0,912,47.95,0.0332,0.1332,0.0217,0.4982,maze,maze,32x32
drimaps_no_minimal,60,88,0.0333,False,2,107,130,2.2833,1.6341,0,655,655,1.0,2231,47.95,0.0315,0.1582,0.0251,1.1301,maze,maze,32x32
drimaps,80,88,0.225,False,18,220,964,3.4468,1.4782,0,612,612,1.0,1121,47.95,0.0402,0.205,0.0268,0.7315,maze,maze,32x32
drimaps_no_cycle,80,88,0.025,False,2,19,20,1.45,0.9053,0,76,76,1.0,78,47.95,0.0404,0.2724,0.0017,0.0811,maze,maze,32x32
drimaps_no_classify,80,88,0.175,False,14,174,1016,6.3799,1.4936,0,669,669,1.0,1240,47.95,0.0424,0.2299,0.0293,0.7177,maze,maze,32x32
drimaps_no_minimal,80,88,0.0875,False,7,126,368,2.5859,2.2189,0,856,856,1.0,2792,47.95,0.0395,0.2495,0.0291,1.4107,maze,maze,32x32
drimaps,60,2024,0.1833,False,11,147,623,8.8793,1.4004,0,559,559,1.0,1153,47.95,0.0401,0.1554,0.0265,0.8386,maze,maze,32x32
drimaps_no_cycle,60,2024,0.0333,False,2,33,34,1.0,0.7616,0,177,177,1.0,187,47.95,0.0371,0.1907,0.0016,0.1795,maze,maze,32x32
drimaps_no_classify,60,2024,0.1833,False,11,214,913,3.6815,1.1784,0,526,526,1.0,960,47.95,0.0379,0.1612,0.0273,0.6142,maze,maze,32x32
drimaps_no_minimal,60,2024,0.1333,False,8,260,793,5.5037,1.9564,0,575,575,1.0,2327,47.95,0.0364,0.1697,0.0276,1.3683,maze,maze,32x32
drimaps,80,2024,0.1875,False,15,139,691,2.6505,1.5579,0,479,479,1.0,1003,47.95,0.0394,0.2531,0.0303,0.671,maze,maze,32x32
drimaps_no_cycle,80,2024,0.0375,False,3,13,21,1.0,1.1176,0,129,129,1.0,307,47.95,0.0396,0.309,0.0019,0.1999,maze,maze,32x32
drimaps_no_classify,80,2024,0.25,False,20,277,2436,7.3847,1.5483,0,623,623,1.0,1193,47.95,0.041,0.2558,0.0309,0.6649,maze,maze,32x32
drimaps_no_minimal,80,2024,0.1125,False,9,101,307,2.9646,2.5338,0,874,874,1.0,2887,47.95,0.0395,0.2771,0.0323,1.6054,maze,maze,32x32
drimaps,60,13579,0.2333,False,14,198,673,2.8104,1.1273,0,459,459,1.0,955,47.95,0.0291,0.1356,0.0228,0.6025,maze,maze,32x32
drimaps_no_cycle,60,13579,0.0333,False,2,14,22,1.0,0.6034,0,54,54,1.0,57,47.95,0.0295,0.1753,0.0013,0.074,maze,maze,32x32
drimaps_no_classify,60,13579,0.15,False,9,243,577,5.1739,0.9852,0,434,434,1.0,739,47.95,0.0294,0.1551,0.0248,0.4535,maze,maze,32x32
drimaps_no_minimal,60,13579,0.1167,False,7,84,284,2.8312,1.595,0,657,657,1.0,2225,47.95,0.0297,0.1607,0.0264,1.0475,maze,maze,32x32
drimaps,80,13579,0.15,False,12,231,1031,3.1001,1.8624,0,643,643,1.0,1345,47.95,0.0472,0.2968,0.0361,0.8552,maze,maze,32x32
drimaps_no_cycle,80,13579,0.0375,False,3,26,62,1.0436,1.157,0,101,101,1.0,148,47.95,0.0475,0.3553,0.002,0.1252,maze,maze,32x32
drimaps_no_classify,80,13579,0.0875,False,7,296,800,7.3551,1.8344,0,707,707,1.0,1344,47.95,0.0475,0.3378,0.0402,0.7538,maze,maze,32x32
drimaps_no_minimal,80,13579,0.0875,False,7,135,471,4.6534,3.0493,0,714,714,1.0,3529,47.95,0.0567,0.3237,0.0353,1.9939,maze,maze,32x32
drimaps,60,24680,0.2667,False,16,166,883,2.8641,1.5334,0,660,660,1.0,1286,47.95,0.0349,0.1558,0.0303,0.9271,maze,maze,32x32
drimaps_no_cycle,60,24680,0.0667,False,4,35,71,1.0,0.7608,0,105,105,1.0,118,47.95,0.0316,0.1933,0.0017,0.1552,maze,maze,32x32
drimaps_no_classify,60,24680,0.2,False,12,233,953,3.845,1.0476,0,447,447,1.0,831,47.95,0.032,0.1695,0.0281,0.4437,maze,maze,32x32
drimaps_no_minimal,60,24680,0.15,False,9,126,324,2.4142,2.07,0,599,599,1.0,2760,47.95,0.032,0.1762,0.028,1.4389,maze,maze,32x32
drimaps,80,24680,0.275,False,22,310,2119,3.9663,1.922,0,628,628,1.0,1320,47.95,0.0572,0.253,0.0333,0.9406,maze,maze,32x32
drimaps_no_cycle,80,24680,0.05,False,4,10,32,1.0,1.114,0,53,53,1.0,101,47.95,0.0463,0.3409,0.0021,0.1205,maze,maze,32x32
drimaps_no_classify,80,24680,0.175,False,14,133,809,3.8719,1.772,0,585,585,1.0,1303,47.95,0.0461,0.2847,0.0348,0.8062,maze,maze,32x32
drimaps_no_minimal,80,24680,0.125,False,10,189,550,2.1949,2.7916,0,774,774,1.0,3080,47.95,0.0498,0.3031,0.0468,1.7728,maze,maze,32x32
drimaps,60,42,0.5667,False,34,167,2009,2.4375,2.5269,0,155,155,1.0,278,47.95,0.0585,0.065,0.0133,0.3506,room,room,32x32
drimaps_no_cycle,60,42,0.15,False,9,29,143,1.4117,2.2971,0,121,121,1.0,123,47.95,0.0576,0.1049,0.0013,0.1953,room,room,32x32
drimaps_no_classify,60,42,0.5333,False,32,158,2081,2.8396,2.2609,0,165,165,1.0,240,47.95,0.0573,0.0675,0.0134,0.1898,room,room,32x32
drimaps_no_minimal,60,42,0.45,False,27,156,1539,2.4752,2.6103,0,227,227,1.0,856,47.95,0.0583,0.0737,0.0147,0.4961,room,room,32x32
drimaps,80,42,0.4,False,32,75,699,1.6395,2.8095,0,198,198,1.0,204,47.95,0.0714,0.1082,0.0162,0.1936,room,room,32x32
drimaps_no_cycle,80,42,0.2125,False,17,43,214,1.1134,2.8088,0,142,142,1.0,146,47.95,0.0647,0.1557,0.0015,0.1923,room,room,32x32
drimaps_no_classify,80,42,0.45,False,36,183,1594,3.0927,2.8226,0,241,241,1.0,358,47.95,0.072,0.1111,0.0158,0.2435,room,room,32x32
drimaps_no_minimal,80,42,0.3875,False,31,171,1098,2.4977,3.2432,0,309,309,1.0,1012,47.95,0.0691,0.1163,0.0172,0.6612,room,room,32x32
drimaps,60,123,0.5,False,30,104,1121,1.7524,0.5168,0,173,173,1.0,186,47.95,0.0538,0.0546,0.0098,0.2003,room,room,32x32
drimaps_no_cycle,60,123,0.2,False,12,30,180,1.1044,0.5205,0,101,101,1.0,103,47.95,0.0612,0.0941,0.001,0.1679,room,room,32x32
drimaps_no_classify,60,123,0.5333,False,32,125,1528,2.4516,0.536,0,177,177,1.0,232,47.95,0.0562,0.0578,0.0118,0.2087,room,room,32x32
drimaps_no_minimal,60,123,0.5167,False,31,128,1468,1.7138,0.903,0,284,284,1.0,666,47.95,0.0604,0.0626,0.0122,0.5542,room,room,32x32
drimaps,80,123,0.5375,False,43,155,2787,2.6939,1.0663,0,295,295,1.0,450,47.95,0.0763,0.1107,0.0163,0.5132,room,room,32x32
drimaps_no_cycle,80,123,0.075,False,6,30,94,1.4444,1.0206,0,201,201,1.0,207,47.95,0.0825,0.2042,0.0014,0.3901,room,room,32x32
drimaps_no_classify,80,123,0.3375,False,27,206,1745,3.6003,1.2187,0,421,421,1.0,696,47.95,0.0831,0.1456,0.0202,0.6185,room,room,32x32
drimaps_no_minimal,80,123,0.2875,False,23,182,1677,3.4268,1.9565,0,520,520,1.0,1718,48.86,0.0749,0.1615,0.0213,1.3403,room,room,32x32
drimaps,60,456,0.6167,False,37,134,1339,2.4098,0.5059,0,146,146,1.0,215,48.86,0.0523,0.0415,0.0093,0.2316,room,room,32x32
drimaps_no_cycle,60,456,0.2333,False,14,29,231,1.2598,0.6116,0,186,186,1.0,188,48.86,0.0504,0.0793,0.0009,0.309,room,room,32x32
drimaps_no_classify,60,456,0.65,False,39,187,1840,2.7394,0.3946,0,143,143,1.0,221,48.86,0.0415,0.0418,0.0095,0.1328,room,room,32x32
drimaps_no_minimal,60,456,0.6167,False,37,172,1881,2.5608,0.6406,0,203,203,1.0,601,48.86,0.0417,0.0462,0.0107,0.3597,room,room,32x32
drimaps,80,456,0.4625,False,37,164,1893,2.9623,1.082,0,356,356,1.0,556,48.86,0.0713,0.106,0.0161,0.5785,room,room,32x32
drimaps_no_cycle,80,456,0.15,False,12,34,174,1.0476,0.8646,0,157,157,1.0,162,48.86,0.0785,0.1611,0.0012,0.3251,room,room,32x32
drimaps_no_classify,80,456,0.4375,False,35,138,1745,2.7646,1.013,0,303,303,1.0,474,48.86,0.0706,0.1081,0.0155,0.5115,room,room,32x32
drimaps_no_minimal,80,456,0.475,False,38,173,2114,2.6504,1.2482,0,345,345,1.0,904,48.86,0.0704,0.1064,0.0157,0.7363,room,room,32x32
drimaps,60,789,0.65,False,39,175,2222,2.2836,0.6455,0,171,171,1.0,239,48.86,0.0713,0.047,0.0096,0.3334,room,room,32x32
drimaps_no_cycle,60,789,0.0833,False,5,28,76,1.1455,0.5828,0,99,99,1.0,100,48.86,0.0708,0.1073,0.001,0.2124,room,room,32x32
drimaps_no_classify,60,789,0.5667,False,34,153,2220,2.8297,0.6511,0,222,222,1.0,283,48.86,0.0652,0.0634,0.0121,0.3267,room,room,32x32
drimaps_no_minimal,60,789,0.4,False,24,121,1114,2.0564,1.0797,0,226,226,1.0,701,48.86,0.0666,0.0684,0.0122,0.7333,room,room,32x32
drimaps,80,789,0.5125,False,41,170,2093,2.2768,1.257,0,291,291,1.0,600,48.86,0.0835,0.1009,0.0159,0.736,room,room,32x32
drimaps_no_cycle,80,789,0.15,False,12,33,144,1.0833,0.8753,0,142,142,1.0,145,48.86,0.0737,0.1706,0.0014,0.3054,room,room,32x32
drimaps_no_classify,80,789,0.5,False,40,171,2151,2.4796,0.8622,0,245,245,1.0,365,48.86,0.0754,0.1004,0.0143,0.3607,room,room,32x32
drimaps_no_minimal,80,789,0.5625,False,45,176,2894,2.5538,1.4787,0,336,336,1.0,1118,48.86,0.0813,0.0996,0.0156,0.972,room,room,32x32
drimaps,60,1024,0.5333,False,32,151,1612,2.4176,0.8741,0,246,246,1.0,363,48.86,0.0581,0.0589,0.013,0.5488,room,room,32x32
drimaps_no_cycle,60,1024,0.1333,False,8,25,96,1.2631,0.6582,0,128,128,1.0,132,48.86,0.0592,0.1045,0.001,0.2947,room,room,32x32
drimaps_no_classify,60,1024,0.4667,False,28,142,1372,2.6847,0.869,0,270,270,1.0,423,48.86,0.0609,0.0664,0.0137,0.5325,room,room,32x32
drimaps_no_minimal,60,1024,0.3833,False,23,130,934,2.6427,1.1382,0,370,370,1.0,945,48.86,0.0575,0.0699,0.0136,0.7969,room,room,32x32
drimaps,80,1024,0.6375,False,51,189,2698,2.2693,1.0796,0,228,228,1.0,439,48.86,0.0813,0.0801,0.013,0.5868,room,room,32x32
drimaps_no_cycle,80,1024,0.2,False,16,28,208,1.0625,0.8539,0,153,153,1.0,158,48.86,0.0826,0.152,0.0013,0.2879,room,room,32x32
drimaps_no_classify,80,1024,0.5625,False,45,191,2872,3.0434,0.9409,0,260,260,1.0,403,48.86,0.0828,0.1004,0.0149,0.4082,room,room,32x32
drimaps_no_minimal,80,1024,0.4625,False,37,143,1606,2.0848,1.6686,0,306,306,1.0,1103,48.86,0.0751,0.1062,0.0158,1.1395,room,room,32x32
drimaps,60,7,0.5667,False,34,122,1169,1.7312,0.7093,0,178,178,1.0,270,48.86,0.0605,0.0497,0.0115,0.3914,room,room,32x32
drimaps_no_cycle,60,7,0.1833,False,11,62,170,1.0402,0.47,0,54,54,1.0,55,48.86,0.0562,0.098,0.0009,0.1264,room,room,32x32
drimaps_no_classify,60,7,0.55,False,33,147,1440,2.482,0.5272,0,143,143,1.0,177,48.86,0.0571,0.0528,0.0109,0.2027,room,room,32x32
drimaps_no_minimal,60,7,0.6167,False,37,107,1600,2.0182,0.8743,0,201,201,1.0,623,48.86,0.0614,0.0479,0.011,0.5608,room,room,32x32
drimaps,80,7,0.55,False,44,117,1468,1.7686,0.8539,0,209,209,1.0,323,48.86,0.0768,0.081,0.0124,0.3651,room,room,32x32
drimaps_no_cycle,80,7,0.1625,False,13,20,137,1.0,0.5977,0,35,35,1.0,35,48.86,0.0689,0.1628,0.0011,0.0662,room,room,32x32
drimaps_no_classify,80,7,0.45,False,36,185,1518,2.6052,0.9686,0,306,306,1.0,461,48.86,0.0723,0.1081,0.0171,0.4478,room,room,32x32
drimaps_no_minimal,80,7,0.5375,False,43,195,1904,2.473,1.1916,0,287,287,1.0,797,48.86,0.0755,0.0909,0.0141,0.6688,room,room,32x32
drimaps,60,88,0.6167,False,37,87,1275,1.7268,0.7298,0,157,157,1.0,290,48.86,0.0527,0.0428,0.01,0.4381,room,room,32x32
drimaps_no_cycle,60,88,0.25,False,15,35,224,1.0322,0.4287,0,54,54,1.0,56,48.86,0.0512,0.0827,0.0009,0.119,room,room,32x32
drimaps_no_classify,60,88,0.4833,False,29,186,1241,2.3371,0.6821,0,249,249,1.0,348,48.86,0.0582,0.0593,0.0126,0.3655,room,room,32x32
drimaps_no_minimal,60,88,0.5,False,30,169,1322,2.0908,0.9171,0,230,230,1.0,651,48.86,0.0508,0.0593,0.0124,0.5994,room,room,32x32
drimaps,80,88,0.55,False,44,175,2314,2.5791,0.9754,0,299,299,1.0,432,48.86,0.0781,0.0952,0.0159,0.462,room,room,32x32
drimaps_no_cycle,80,88,0.15,False,12,40,156,1.0,0.6827,0,58,58,1.0,58,48.86,0.0793,0.1626,0.0012,0.1258,room,room,32x32
drimaps_no_classify,80,88,0.5625,False,45,168,2708,3.3041,0.861,0,255,255,1.0,380,48.86,0.0723,0.0981,0.0156,0.3532,room,room,32x32
drimaps_no_minimal,80,88,0.4375,False,35,140,1913,2.5488,1.3901,0,400,400,1.0,1161,48.86,0.079,0.1169,0.0177,0.8497,room,room,32x32
drimaps,60,2024,0.5,False,30,188,1755,2.5718,0.6839,0,231,231,1.0,307,48.86,0.0518,0.0655,0.0135,0.3445,room,room,32x32
drimaps_no_cycle,60,2024,0.1667,False,10,21,114,1.0,0.688,0,194,194,1.0,195,48.86,0.056,0.0999,0.0011,0.3222,room,room,32x32
drimaps_no_classify,60,2024,0.3833,False,23,122,1140,2.7661,0.6926,0,292,292,1.0,467,48.86,0.0499,0.0746,0.0138,0.3562,room,room,32x32
drimaps_no_minimal,60,2024,0.5333,False,32,183,2502,3.5586,0.8844,0,256,256,1.0,818,48.86,0.048,0.0701,0.0134,0.5573,room,room,32x32
drimaps,80,2024,0.425,False,34,118,1426,2.1099,1.2592,0,327,327,1.0,562,48.86,0.0829,0.1175,0.0179,0.6889,room,room,32x32
drimaps_no_cycle,80,2024,0.1875,False,15,51,267,1.0,0.8162,0,99,99,1.0,112,48.86,0.0763,0.1667,0.0013,0.229,room,room,32x32
drimaps_no_classify,80,2024,0.4125,False,33,146,1427,2.6009,1.1503,0,373,373,1.0,608,48.86,0.0835,0.1163,0.0169,0.6003,room,room,32x32
drimaps_no_minimal,80,2024,0.4875,False,39,171,2345,2.7893,1.7716,0,314,314,1.0,1307,48.86,0.0834,0.1116,0.0165,1.2184,room,room,32x32
drimaps,60,13579,0.5167,False,31,140,1215,2.0833,0.7803,0,211,211,1.0,354,48.86,0.0619,0.0553,0.0116,0.4481,room,room,32x32
drimaps_no_cycle,60,13579,0.25,False,15,43,212,1.037,0.5441,0,92,92,1.0,95,48.86,0.0535,0.0914,0.0011,0.2046,room,room,32x32
drimaps_no_classify,60,13579,0.5167,False,31,197,1455,2.4862,0.5718,0,158,158,1.0,230,48.86,0.0535,0.0577,0.0171,0.2441,room,room,32x32
drimaps_no_minimal,60,13579,0.5,False,30,136,1319,2.0229,0.9238,0,249,249,1.0,702,48.86,0.0538,0.0596,0.0122,0.6013,room,room,32x32
drimaps,80,13579,0.4875,False,39,113,1243,1.8618,0.897,0,249,249,1.0,399,48.86,0.0725,0.0868,0.0138,0.4249,room,room,32x32
drimaps_no_cycle,80,13579,0.2125,False,17,36,255,1.3862,0.6128,0,46,46,1.0,48,48.86,0.0677,0.146,0.0011,0.1094,room,room,32x32
drimaps_no_classify,80,13579,0.5375,False,43,181,2335,2.9805,0.8065,0,239,239,1.0,358,48.86,0.072,0.0924,0.0134,0.3266,room,room,32x32
drimaps_no_minimal,80,13579,0.5,False,40,164,1891,2.5951,1.2915,0,346,346,1.0,989,48.86,0.0663,0.0948,0.0152,0.8099,room,room,32x32
drimaps,60,24680,0.5667,False,34,150,1474,1.9534,0.56,0,215,215,1.0,231,48.86,0.053,0.0518,0.0113,0.247,room,room,32x32
drimaps_no_cycle,60,24680,0.2333,False,14,36,226,1.2288,0.715,0,210,210,1.0,215,48.86,0.0608,0.089,0.0011,0.3346,room,room,32x32
drimaps_no_classify,60,24680,0.65,False,39,131,1992,2.3277,0.4686,0,162,162,1.0,211,48.86,0.0545,0.0467,0.0107,0.1662,room,room,32x32
drimaps_no_minimal,60,24680,0.3,False,18,87,494,1.7798,0.9993,0,345,345,1.0,946,48.86,0.0547,0.0807,0.0142,0.6469,room,room,32x32
drimaps,80,24680,0.475,False,38,147,1514,2.1918,1.1418,0,288,288,1.0,512,48.86,0.0762,0.1031,0.0158,0.6034,room,room,32x32
drimaps_no_cycle,80,24680,0.125,False,10,34,197,1.0,0.7463,0,68,68,1.0,70,48.86,0.0768,0.1847,0.0012,0.149,room,room,32x32
drimaps_no_classify,80,24680,0.4625,False,37,215,2153,3.5698,0.9684,0,272,272,1.0,423,48.86,0.0784,0.1152,0.0165,0.4223,room,room,32x32
drimaps_no_minimal,80,24680,0.425,False,34,191,1926,3.2724,1.5901,0,449,449,1.0,1282,48.86,0.0821,0.1251,0.0186,1.0228,room,room,32x32
drimaps,60,42,0.55,False,33,47,741,1.5393,0.4652,0,149,149,1.0,152,48.86,0.062,0.0407,0.0099,0.1826,open,open,32x32
drimaps_no_cycle,60,42,0.4,False,24,65,585,1.2955,0.5939,0,185,185,1.0,190,48.86,0.0697,0.0573,0.0009,0.3025,open,open,32x32
drimaps_no_classify,60,42,0.7,False,42,61,1268,1.7129,0.3668,0,97,97,1.0,110,48.86,0.0688,0.0302,0.0063,0.0975,open,open,32x32
drimaps_no_minimal,60,42,0.6667,False,40,80,1284,1.8962,0.5032,0,142,142,1.0,302,48.86,0.0619,0.0342,0.0077,0.2339,open,open,32x32
drimaps,80,42,0.675,False,54,70,1396,1.7078,0.7041,0,134,134,1.0,164,48.86,0.0858,0.0555,0.0091,0.246,open,open,32x32
drimaps_no_cycle,80,42,0.35,False,28,51,594,1.322,0.6416,0,50,50,1.0,55,48.86,0.0882,0.1168,0.0011,0.1416,open,open,32x32
drimaps_no_classify,80,42,0.65,False,52,68,1460,1.8732,0.6176,0,122,122,1.0,137,48.86,0.0888,0.0597,0.0104,0.1565,open,open,32x32
drimaps_no_minimal,80,42,0.6625,False,53,150,1708,1.9769,0.9285,0,206,206,1.0,444,48.86,0.0813,0.061,0.0101,0.4735,open,open,32x32
drimaps,60,123,0.75,False,45,55,902,1.2673,0.3476,0,74,74,1.0,100,48.86,0.0571,0.0225,0.0054,0.1056,open,open,32x32
drimaps_no_cycle,60,123,0.9,False,54,136,2146,2.4892,0.3749,0,157,157,1.0,162,48.86,0.0564,0.0215,0.0007,0.1425,open,open,32x32
drimaps_no_classify,60,123,0.6833,False,41,48,762,1.3079,0.3011,0,52,52,1.0,59,48.86,0.0517,0.0262,0.0055,0.0591,open,open,32x32
drimaps_no_minimal,60,123,0.75,False,45,93,975,1.2981,0.4588,0,103,103,1.0,213,48.86,0.0519,0.0237,0.006,0.2169,open,open,32x32
drimaps,80,123,0.6125,False,49,109,1326,1.6051,0.7631,0,219,219,1.0,229,48.86,0.0819,0.0628,0.0104,0.3193,open,open,32x32
drimaps_no_cycle,80,123,0.3625,False,29,79,734,1.4954,0.8063,0,183,183,1.0,185,48.86,0.0805,0.1086,0.0011,0.3243,open,open,32x32
drimaps_no_classify,80,123,0.5625,False,45,70,1230,1.8644,0.6344,0,137,137,1.0,156,48.86,0.0809,0.0693,0.0097,0.1716,open,open,32x32
drimaps_no_minimal,80,123,0.6125,False,49,149,1587,1.7756,0.9357,0,287,287,1.0,640,48.86,0.0894,0.0666,0.0112,0.4727,open,open,32x32
drimaps,60,456,0.65,False,39,54,874,1.239,0.4418,0,113,113,1.0,123,48.86,0.0686,0.0326,0.0079,0.1597,open,open,32x32
drimaps_no_cycle,60,456,0.7167,False,43,50,1159,1.4437,0.4525,0,191,191,1.0,194,48.86,0.0687,0.029,0.0008,0.1859,open,open,32x32
drimaps_no_classify,60,456,0.65,False,39,71,1124,1.7219,0.3674,0,78,78,1.0,101,48.86,0.0609,0.0341,0.0078,0.0932,open,open,32x32
drimaps_no_minimal,60,456,0.6,False,36,86,1124,1.4458,0.5251,0,208,208,1.0,435,48.86,0.0611,0.0403,0.0086,0.2426,open,open,32x32
drimaps,80,456,0.625,False,50,71,1517,1.66,0.7114,0,137,137,1.0,166,48.86,0.0875,0.0637,0.0108,0.2531,open,open,32x32
drimaps_no_cycle,80,456,0.2625,False,21,44,365,1.2558,0.6833,0,57,57,1.0,62,48.86,0.0877,0.1306,0.0011,0.1559,open,open,32x32
drimaps_no_classify,80,456,0.6,False,48,181,2412,2.7153,0.7877,0,191,191,1.0,236,48.86,0.0864,0.0822,0.0126,0.3026,open,open,32x32
drimaps_no_minimal,80,456,0.525,False,42,78,1381,1.7498,1.0098,0,308,308,1.0,697,48.86,0.0841,0.081,0.0116,0.5321,open,open,32x32
drimaps,60,789,0.7333,False,44,66,1049,1.342,0.3614,0,66,66,1.0,69,48.86,0.0549,0.0262,0.0059,0.1019,open,open,32x32
drimaps_no_cycle,60,789,0.7167,False,43,64,1069,1.4633,0.3919,0,196,196,1.0,196,48.86,0.0554,0.0276,0.0008,0.1329,open,open,32x32
drimaps_no_classify,60,789,0.6167,False,37,92,878,1.6175,0.3793,0,72,72,1.0,77,48.86,0.0571,0.036,0.007,0.1012,open,open,32x32
drimaps_no_minimal,60,789,0.7333,False,44,154,1422,1.9021,0.4954,0,107,107,1.0,221,48.86,0.0629,0.0299,0.0124,0.2174,open,open,32x32
drimaps,80,789,0.675,False,54,93,1420,1.5676,0.6603,0,111,111,1.0,119,48.86,0.0845,0.054,0.0097,0.2057,open,open,32x32
drimaps_no_cycle,80,789,0.4125,False,33,146,1263,2.4202,0.8418,0,164,164,1.0,171,48.86,0.0864,0.1069,0.0011,0.3165,open,open,32x32
drimaps_no_classify,80,789,0.6625,False,53,102,1487,1.666,0.5571,0,80,80,1.0,96,48.86,0.0842,0.0563,0.0088,0.1132,open,open,32x32
drimaps_no_minimal,80,789,0.5875,False,47,64,1163,1.5523,0.8665,0,273,273,1.0,585,48.86,0.0843,0.0676,0.0113,0.4003,open,open,32x32
drimaps,60,1024,0.6167,False,37,68,906,1.3896,0.4407,0,132,132,1.0,134,48.86,0.0664,0.0358,0.0093,0.1525,open,open,32x32
drimaps_no_cycle,60,1024,0.4333,False,26,57,522,1.3084,0.4671,0,101,101,1.0,102,48.86,0.0588,0.054,0.0009,0.1814,open,open,32x32
drimaps_no_classify,60,1024,0.6333,False,38,73,1058,1.6389,0.39,0,119,119,1.0,135,48.86,0.0596,0.0356,0.0074,0.1154,open,open,32x32
drimaps_no_minimal,60,1024,0.6,False,36,113,1218,1.9984,0.5719,0,140,140,1.0,329,48.86,0.0584,0.0404,0.0099,0.2843,open,open,32x32
drimaps,80,1024,0.65,False,52,86,1419,1.7054,0.6551,0,148,148,1.0,157,48.86,0.0859,0.0589,0.009,0.1816,open,open,32x32
drimaps_no_cycle,80,1024,0.2375,False,19,42,356,1.0309,0.7834,0,93,93,1.0,93,48.86,0.0859,0.149,0.0012,0.227,open,open,32x32
drimaps_no_classify,80,1024,0.575,False,46,134,1582,2.3594,0.7021,0,165,165,1.0,194,48.86,0.0921,0.0793,0.0123,0.1954,open,open,32x32
drimaps_no_minimal,80,1024,0.5625,False,45,73,1275,1.7835,0.9781,0,265,265,1.0,583,48.86,0.0823,0.0799,0.0125,0.4611,open,open,32x32
drimaps,60,7,0.6833,False,41,79,1150,1.4166,0.4512,0,95,95,1.0,103,48.86,0.0783,0.0307,0.0069,0.1755,open,open,32x32
drimaps_no_cycle,60,7,0.5667,False,34,99,1228,1.8044,0.5728,0,179,179,1.0,186,48.86,0.0677,0.0446,0.0008,0.2904,open,open,32x32
drimaps_no_classify,60,7,0.6667,False,40,116,1355,1.7257,0.406,0,94,94,1.0,119,48.86,0.0672,0.0348,0.0077,0.131,open,open,32x32
drimaps_no_minimal,60,7,0.5833,False,35,96,1352,2.0727,0.6512,0,174,174,1.0,372,48.86,0.0811,0.0446,0.0087,0.3456,open,open,32x32
drimaps,80,7,0.6,False,48,98,1204,1.5872,0.8175,0,215,215,1.0,237,48.86,0.0932,0.0644,0.011,0.3511,open,open,32x32
drimaps_no_cycle,80,7,0.375,False,30,70,803,1.616,0.7418,0,107,107,1.0,110,48.86,0.0823,0.1074,0.0011,0.2656,open,open,32x32
drimaps_no_classify,80,7,0.6375,False,51,87,1753,2.1678,0.671,0,131,131,1.0,169,48.86,0.0813,0.064,0.0107,0.2224,open,open,32x32
drimaps_no_minimal,80,7,0.7,False,56,99,2044,2.2301,0.9922,0,233,233,1.0,532,48.86,0.0931,0.0601,0.0107,0.5372,open,open,32x32
drimaps,60,88,0.6667,False,40,49,916,1.1683,0.4182,0,86,86,1.0,89,48.86,0.0764,0.0324,0.0135,0.1196,open,open,32x32
drimaps_no_cycle,60,88,0.8667,False,52,82,1559,1.3712,0.4068,0,185,185,1.0,194,48.86,0.0656,0.0209,0.0007,0.1532,open,open,32x32
drimaps_no_classify,60,88,0.7667,False,46,63,1230,1.394,0.2945,0,24,24,1.0,31,48.86,0.071,0.025,0.0059,0.028,open,open,32x32
drimaps_no_minimal,60,88,0.6667,False,40,60,963,1.1754,0.4553,0,121,121,1.0,251,48.86,0.0693,0.0312,0.0076,0.1784,open,open,32x32
drimaps,80,88,0.6125,False,49,125,1260,1.7775,0.6895,0,188,188,1.0,211,48.86,0.0736,0.0691,0.0108,0.2335,open,open,32x32
drimaps_no_cycle,80,88,0.225,False,18,41,307,1.0947,0.861,0,189,189,1.0,189,48.86,0.0799,0.1545,0.0013,0.3285,open,open,32x32
drimaps_no_classify,80,88,0.6,False,48,77,1502,2.1519,0.5897,0,150,150,1.0,183,48.86,0.0818,0.0666,0.0109,0.1304,open,open,32x32
drimaps_no_minimal,80,88,0.5,False,40,144,1177,1.9662,0.8599,0,309,309,1.0,653,48.86,0.0716,0.0823,0.0123,0.402,open,open,32x32
drimaps,60,2024,0.6833,False,41,93,1132,1.5859,0.5639,0,144,144,1.0,149,48.86,0.0817,0.0329,0.008,0.2595,open,open,32x32
drimaps_no_cycle,60,2024,0.4,False,24,42,481,1.48,0.47,0,73,73,1.0,73,48.86,0.0782,0.0584,0.0008,0.1544,open,open,32x32
drimaps_no_classify,60,2024,0.6167,False,37,95,1197,2.3767,0.4415,0,130,130,1.0,150,48.86,0.072,0.0396,0.008,0.1424,open,open,32x32
drimaps_no_minimal,60,2024,0.6667,False,40,88,1293,1.9758,0.6694,0,173,173,1.0,363,48.86,0.0776,0.0374,0.009,0.3684,open,open,32x32
drimaps,80,2024,0.75,False,60,124,2234,1.7441,0.7046,0,154,154,1.0,196,48.86,0.0903,0.0517,0.0099,0.2561,open,open,32x32
drimaps_no_cycle,80,2024,0.2375,False,19,46,335,1.0483,0.612,0,35,35,1.0,35,48.86,0.095,0.1329,0.001,0.0897,open,open,32x32
drimaps_no_classify,80,2024,0.6375,False,51,110,1981,1.9527,0.7386,0,220,220,1.0,266,48.86,0.0934,0.0675,0.0111,0.2676,open,open,32x32
drimaps_no_minimal,80,2024,0.625,False,50,156,1927,1.8544,0.8618,0,198,198,1.0,431,48.86,0.0948,0.0699,0.0117,0.3866,open,open,32x32
drimaps,60,13579,0.6833,False,41,76,1003,1.5443,0.4323,0,96,96,1.0,108,48.86,0.0685,0.0285,0.0069,0.1676,open,open,32x32
drimaps_no_cycle,60,13579,0.8,False,48,99,1764,2.0595,0.432,0,178,178,1.0,192,48.86,0.0653,0.026,0.0007,0.179,open,open,32x32
drimaps_no_classify,60,13579,0.7167,False,43,132,1547,2.0964,0.3594,0,81,81,1.0,97,48.86,0.0663,0.0295,0.0067,0.0969,open,open,32x32
drimaps_no_minimal,60,13579,0.6667,False,40,80,1032,1.6582,0.5626,0,130,130,1.0,285,48.86,0.0618,0.0315,0.0077,0.2968,open,open,32x32
drimaps,80,13579,0.675,False,54,73,1556,1.4896,0.6746,0,129,129,1.0,149,48.86,0.0949,0.0536,0.0095,0.234,open,open,32x32
drimaps_no_cycle,80,13579,0.3,False,24,99,636,1.8134,0.8649,0,162,162,1.0,165,48.86,0.0963,0.1201,0.0011,0.362,open,open,32x32
drimaps_no_classify,80,13579,0.6125,False,49,138,2016,2.1985,0.6964,0,175,175,1.0,236,48.86,0.0897,0.07,0.0107,0.2418,open,open,32x32
drimaps_no_minimal,80,13579,0.5375,False,43,151,1472,1.9001,1.0472,0,299,299,1.0,638,48.86,0.0968,0.0774,0.0123,0.5711,open,open,32x32
drimaps,60,24680,0.75,False,45,62,1324,1.7705,0.3582,0,77,77,1.0,84,48.86,0.0631,0.0268,0.0057,0.1074,open,open,32x32
drimaps_no_cycle,60,24680,0.3167,False,19,42,335,1.0483,0.39,0,61,61,1.0,63,48.86,0.0638,0.0624,0.0008,0.1074,open,open,32x32
drimaps_no_classify,60,24680,0.7667,False,46,158,2132,2.4589,0.3884,0,137,137,1.0,168,48.86,0.0583,0.0318,0.0074,0.1352,open,open,32x32
drimaps_no_minimal,60,24680,0.65,False,39,65,1017,1.4895,0.5547,0,154,154,1.0,319,48.86,0.0585,0.0335,0.0076,0.2885,open,open,32x32
drimaps,80,24680,0.65,False,52,78,1400,1.6756,0.7685,0,221,221,1.0,243,48.86,0.083,0.0597,0.0113,0.3401,open,open,32x32
drimaps_no_cycle,80,24680,0.275,False,22,59,415,1.1326,0.6423,0,66,66,1.0,69,48.86,0.0827,0.1278,0.0011,0.15,open,open,32x32
drimaps_no_classify,80,24680,0.6,False,48,114,1874,2.3031,0.7212,0,208,208,1.0,260,48.86,0.0836,0.0714,0.0111,0.2681,open,open,32x32
drimaps_no_minimal,80,24680,0.65,False,52,97,1741,1.8274,0.9576,0,233,233,1.0,543,48.86,0.098,0.0626,0.0106,0.5028,open,open,32x32
